No.,Type,MAT,TS,CT,TM,Shape,Size,Zeta Potential,Admin,DE_tumor,DE_heart,DE_liver,DE_spleen,DE_lung,DE_kidney
1,INM,Gold,Active,Cervix,Xenograft Heterotopic,Rod,NA,-18,20,1.971937133,0.269387786,26.41061294,2.71416881,0.294177128,0.854130379
2,INM,Gold,Passive,Colon,Allograft Heterotopic,Rod,NA,0,12.05,1.278030303,NA,NA,NA,NA,NA
3,INM,Gold,Active,Brain,Xenograft Heterotopic,Spherical,1.6232493,-5,1,2.821588295,0.317316655,11.54321037,4.383887921,0.420119952,1.16313958
4,INM,Gold,Passive,Brain,Xenograft Heterotopic,Spherical,1.5831988,-5,1,3.186238491,NA,NA,NA,NA,NA
5,INM,Gold,Active,Breast,Xenograft Heterotopic,Others,1.8350561,-9.3,4.8,0.733884298,0.224474552,41.42407658,1.93159841,0.765849448,1.935310941
6,INM,Gold,Active,Skin,Xenograft Orthotopic,Spherical,1.6946052,-0.64,4.06,24.93100559,NA,NA,NA,NA,NA
7,INM,Gold,Active,Skin,Xenograft Orthotopic,Spherical,1.7781513,-11,8.12,23.53137528,NA,NA,NA,NA,NA
8,INM,Gold,Active,Skin,Xenograft Orthotopic,Spherical,2.0017337,-9,16.24,20.88493965,NA,NA,NA,NA,NA
9,INM,Gold,Passive,Skin,Xenograft Orthotopic,Spherical,1.665581,-6.7,4.06,18.57177319,NA,NA,NA,NA,NA
10,INM,Gold,Passive,Skin,Xenograft Orthotopic,Spherical,1.807535,-15,8.12,14.14878998,NA,NA,NA,NA,NA
11,INM,Gold,Passive,Skin,Xenograft Orthotopic,Spherical,2.0178677,-10,16.24,11.15403219,NA,NA,NA,NA,NA
12,INM,Gold,Active,Skin,Xenograft Orthotopic,Spherical,2.2445245,-5,27.06,8.085157857,NA,NA,NA,NA,NA
13,INM,Gold,Passive,Skin,Xenograft Orthotopic,Spherical,2.2201081,-6,27.06,4.927649187,NA,NA,NA,NA,NA
14,INM,Gold,Passive,Brain,Xenograft Heterotopic,Spherical,0.7831887,NA,1.32,1.128149606,NA,NA,NA,NA,NA
15,INM,Gold,Passive,Prostate,Xenograft Heterotopic,Spherical,NA,NA,7.2,0.070053437,0.194339667,2.005878374,2.449402864,1.259001474,0.226873068
16,INM,Gold,Passive,Cervix,Xenograft Heterotopic,Spherical,1.2329961,-9.8,5.905,1.120704624,NA,NA,NA,NA,NA
17,INM,Gold,Passive,Cervix,Xenograft Heterotopic,Spherical,1.4913617,-10.5,5.905,0.530725131,NA,NA,NA,NA,NA
18,INM,Gold,Active,Brain,Xenograft Heterotopic,Others,1.382017,-21.3,2,1.771246802,0.883694193,16.37062836,0.701674518,0.216357756,1.361108181
19,INM,Gold,Passive,Brain,Xenograft Heterotopic,Others,1.4116197,21.7,2,0.692127639,0.554349203,17.42769156,0.673608946,0.223726245,1.433384926
20,INM,Gold,Passive,Brain,Xenograft Heterotopic,Others,1.3180633,24.6,2,0.597630741,0.616392674,18.5940863,0.699631472,0.087580236,1.102708231
21,INM,Gold,Passive,Brain,Xenograft Heterotopic,Others,1.2600714,25.4,2,0.461101376,0.385311945,22.16312461,0.768682858,0.186983215,1.069322284
22,INM,Gold,Active,Others,Xenograft Heterotopic,Spherical,0.7853298,-5,4,1.836086027,NA,NA,NA,NA,NA
23,INM,Gold,Passive,Breast,Allograft Heterotopic,Spherical,1.8438554,0,0.3,1.72760225,0.764554966,34.54414676,0.379053606,0.651591967,0.914515302
24,INM,Gold,Passive,Breast,Allograft Heterotopic,Others,2.0464952,0,1,0.609885,0.302666266,55.00407495,9.945683784,0.447482926,0.35318523
25,INM,Gold,Passive,Breast,Allograft Heterotopic,Plate,2.1156105,0,1.62,0.4669505,0.209684044,53.91473976,7.819068358,0.812890212,0.371252923
26,INM,Gold,Passive,Breast,Allograft Heterotopic,Rod,1.8864907,0,0.25,0.151100943,0.093649838,53.35424315,4.56498366,0.301995728,0.089250379
27,INM,Gold,Passive,Breast,Xenograft Orthotopic,Spherical,0.7403627,0,63,5.373284014,0.236530881,3.551536038,0.243908469,0.434324068,2.560473067
28,INM,Gold,Active,Skin,Xenograft Orthotopic,Spherical,1.4913617,NA,8.175,2.225809503,NA,11.0792939,NA,NA,NA
29,INM,Gold,Passive,Breast,Allograft Heterotopic,Others,1.8041394,10.2,1.35E-09,2.445235148,0.436109754,39.49676767,3.40253389,0.510587119,1.465446765
30,INM,Gold,Passive,Breast,Allograft Heterotopic,Others,1.9822712,18.7,6.42E-09,0.443621399,0.050495326,28.13750618,5.232719081,0.114630158,0.323590014
31,INM,Gold,Passive,Prostate,Xenograft Heterotopic,Spherical,1.8228216,-2.6,11,0.833287268,NA,18.73837692,2.530931304,NA,NA
32,INM,Gold,Passive,Prostate,Xenograft Heterotopic,Spherical,1.7979596,-27.1,11,0.75946043,NA,21.55175861,2.985212192,NA,NA
33,INM,Gold,Active,Prostate,Xenograft Heterotopic,Spherical,1.8555192,-2.9,11,0.7905585,NA,16.5288382,4.706229958,NA,NA
34,INM,Gold,Passive,Prostate,Xenograft Heterotopic,Spherical,1.7795965,-10.6,11,0.032634146,NA,39.60660323,1.961432482,NA,NA
35,INM,Gold,Passive,Others,Xenograft Heterotopic,Spherical,1.7993405,0,3.75,0.334760684,0.107592364,2.950504839,6.782238443,0.136772784,0.143602993
36,INM,Gold,Passive,Prostate,Xenograft Heterotopic,Rod,1.1760913,-10,9.6,0.80575596,0.41074071,35.16809455,4.617767347,0.339792835,1.038529904
37,INM,Gold,Active,Prostate,Xenograft Heterotopic,Rod,1.1760913,-44.1,9.6,0.245551463,0.088650714,59.77109949,9.563140351,0.340267144,0.544451768
38,INM,Gold,Passive,Ovary,Xenograft Orthotopic,Rod,1,1.1,1.6,5.850939604,0.07970067,11.56236054,1.309003615,0.098368033,0.61152745
39,INM,Gold,Passive,Ovary,Xenograft Orthotopic,Spherical,1.9489018,-27.1,2.4,0.833405277,0.03080758,23.65268576,2.106023212,0.030424073,0.024297557
40,INM,Gold,Passive,Skin,Xenograft Orthotopic,Spherical,1.91698,0,16.62,0.923636202,NA,2.571005472,2.851210525,NA,NA
41,INM,Gold,Passive,Skin,Xenograft Orthotopic,Spherical,1.5976952,0,7.97,0.642330867,NA,2.025770344,0.343704452,NA,NA
42,INM,Gold,Passive,Skin,Xenograft Orthotopic,Spherical,1.7874605,0,12.34,0.700570783,NA,7.67589899,3.999521113,NA,NA
43,INM,Gold,Passive,Skin,Xenograft Orthotopic,Spherical,1.9973864,0,20,0.436621247,NA,3.173266663,3.020924854,NA,NA
44,INM,Gold,Passive,Skin,Xenograft Orthotopic,Spherical,1.350248,0,4.51,0.021964889,NA,0.071903177,0.055584866,NA,NA
45,INM,Other IM,Passive,Breast,Allograft Heterotopic,Rod,1.6211763,-0.06,1,0.646170909,0.033837084,69.7194258,7.651861053,0.225117336,0.199616193
46,INM,Gold,Passive,Breast,Allograft Heterotopic,Spherical,0.8573325,-23.5,1,0.400379841,0.10049545,61.52910263,4.269331576,0.143864051,4.278944642
47,INM,Other IM,Passive,Breast,Allograft Heterotopic,Rod,1.6464037,-14.1,1,0.27785401,0.030344205,74.92288158,9.670870418,0.270328486,0.071216897
48,INM,Gold,Passive,Breast,Allograft Heterotopic,Rod,1.3053514,-20.2,1,0.210054871,0.021701706,76.61877105,9.250986103,0.220670032,0.080837774
49,INM,Gold,Active,Brain,Xenograft Heterotopic,Spherical,1.8555192,6.1,188,0.033247391,0.050481163,31.16144084,2.412530513,0.411285591,0.376132933
50,INM,Gold,Passive,Skin,Allograft Orthotopic,Spherical,0.69897,NA,16,2.98259121,0.264679207,3.968889511,0.261059621,0.460904733,4.753403258
51,INM,Gold,Passive,Skin,Allograft Orthotopic,Spherical,0.69897,NA,16,1.760584449,0.138321554,24.78266983,2.060799232,0.207680248,2.01134827
52,INM,Gold,Passive,Skin,Allograft Orthotopic,Spherical,0.69897,2.5,16,1.724148734,0.141577182,24.39615693,2.017938478,0.21218683,1.949132901
53,INM,Gold,Passive,Skin,Allograft Orthotopic,Spherical,1.3424227,NA,16,1.160112285,0.379994711,35.68112555,8.844465097,10.47475169,1.632864621
54,INM,Gold,Passive,Prostate,Xenograft Heterotopic,Spherical,1.3424227,NA,16,0.61648218,0.526533182,46.18480586,9.2955089,13.17434819,2.684130217
55,INM,Gold,Passive,Skin,Allograft Orthotopic,Spherical,1.0413927,NA,16,0.241253769,0.461540937,50.09488625,11.67008505,0.141174426,0.155312404
56,INM,Gold,Active,Skin,Allograft Orthotopic,Spherical,0.4313638,-18.4,3.36,2.000758444,0.004679132,0.165868945,0.028616932,0.012131393,0.041406679
57,INM,Gold,Active,Skin,Allograft Orthotopic,Spherical,0.4313638,-22.1,3.36,1.584897855,0.002307855,0.148961713,0.010394014,0.005969305,0.066272169
58,INM,Gold,Passive,Skin,Allograft Orthotopic,Spherical,0.4313638,-42.3,3.36,1.469114395,0.005655216,0.278374753,0.020334011,0.017815811,0.068762757
59,INM,Gold,Active,Skin,Allograft Orthotopic,Spherical,0.4313638,-25.6,3.36,1.302815861,0.005958128,0.19242782,0.020553377,0.014291009,0.046867117
60,INM,Gold,Active,Skin,Allograft Orthotopic,Spherical,0.4313638,-16.6,3.36,1.075543891,0.001831955,0.145873136,0.006879812,0.006620778,0.029472546
61,INM,Gold,Passive,Skin,Allograft Orthotopic,Spherical,0.4313638,-16.8,3.36,0.943071057,0.001569923,0.169201973,0.011114686,0.005105861,0.035569234
62,INM,Gold,Active,Skin,Allograft Orthotopic,Rod,1.7126497,3,1.64,2.434210526,1.281465555,23.3757467,2.526165923,1.275078857,2.516020148
63,INM,Gold,Passive,Breast,Allograft Heterotopic,Spherical,NA,-25.9,10,1.172267704,0.26138035,3.285913693,0.189736578,0.168216945,1.01551685
64,INM,Gold,Passive,Prostate,Xenograft Heterotopic,Others,NA,-9.2,4.1,7.295029513,3.746976666,85.16439261,32.75880513,1.923728098,4.653479227
65,INM,Gold,Passive,Prostate,Xenograft Heterotopic,Rod,NA,-11,8,4.292564144,1.58335639,115.8867789,59.66078851,1.035100732,2.830772973
66,INM,Gold,Passive,Skin,Allograft Orthotopic,Spherical,NA,NA,1.73,7.103407605,NA,23.007943,3.384964107,0.816949076,0.944874673
67,INM,Iron Oxide,Active,Skin,Xenograft Orthotopic,Spherical,1.3873898,-28.6,10,1.042909364,0.447096968,24.95388671,0.857090537,0.276141689,1.579353888
68,INM,Iron Oxide,Active,Breast,Xenograft Heterotopic,Spherical,NA,NA,23,0.699973272,0.445928984,8.553429578,0.736401408,0.266022457,1.300253164
69,INM,Iron Oxide,Active,Prostate,Xenograft Heterotopic,Spherical,2.1433271,-11.6,84.6,0.493357354,0.119727748,10.10002506,3.421082321,0.062822635,1.167935792
70,INM,Iron Oxide,Active,Brain,Xenograft Heterotopic,Spherical,1.8325089,NA,10,1.299170091,NA,7.953864583,NA,NA,NA
71,INM,Iron Oxide,Passive,Brain,Xenograft Heterotopic,Spherical,1.8325089,NA,10,0.590367072,NA,10.98573712,NA,NA,NA
72,INM,Iron Oxide,Passive,Breast,Allograft Heterotopic,Spherical,1.7058637,NA,5,0.999586931,0.341913988,0.849639093,0.394920946,0.457937243,0.414882242
73,Hybrid,Hybrid,Active,Breast,Xenograft Heterotopic,Spherical,NA,NA,84.615,5.092474835,NA,19.21134608,1.404897003,0.452846539,1.455356577
74,INM,Hybrid,Active,Others,Xenograft Heterotopic,Spherical,1.3483049,-4.6,21.36,9.339277869,0.298641131,10.42654013,1.051278323,0.444137946,5.392686529
75,INM,Hybrid,Active,Others,Xenograft Heterotopic,Spherical,1.4487063,-0.6,21.36,7.408124941,0.276702393,10.24475487,1.05353528,0.466086042,5.047766384
76,INM,Hybrid,Active,Others,Xenograft Heterotopic,Spherical,1.5954962,-4.5,21.36,5.252648663,0.172025213,25.72002809,1.438135766,0.292683756,3.962031109
77,INM,Hybrid,Active,Others,Xenograft Heterotopic,Spherical,1.605305,-3.3,21.36,4.969917857,0.204800036,26.19665042,1.751401757,0.343224744,50.98145922
78,INM,Hybrid,Active,Brain,Xenograft Heterotopic,Spherical,2.3544926,-3.5,9.5,1.270952756,NA,15.62470224,NA,NA,NA
79,INM,Hybrid,Passive,Brain,Xenograft Heterotopic,Spherical,2.3412366,-3.6,9.5,0.724239994,NA,14.08801482,NA,NA,NA
80,INM,Hybrid,Passive,Breast,Allograft Heterotopic,Spherical,1.770852,-7.4,10,0.331444804,0.49858938,50.80312831,0.83549125,0.568671369,0.559297282
81,INM,Hybrid,Passive,Brain,Xenograft Heterotopic,Spherical,2.0976043,-10.9,9.5,0.17895588,NA,16.38414188,NA,NA,NA
82,INM,Hybrid,Active,Brain,Xenograft Heterotopic,Spherical,2.1105897,-10.2,9.5,0.496706342,NA,14.31443855,NA,NA,NA
83,INM,Hybrid,Passive,Breast,Allograft Heterotopic,Spherical,2.2886963,-5.1,9.5,1.583646472,NA,12.6502875,NA,NA,NA
84,INM,Hybrid,Active,Breast,Allograft Heterotopic,Spherical,2.2886963,-5.1,9.5,0.63415425,NA,18.83825032,NA,NA,NA
85,INM,Hybrid,Passive,Breast,Allograft Heterotopic,Spherical,2.2437819,-3.25,9.5,0.413108128,NA,14.61917153,NA,NA,NA
86,INM,Hybrid,Active,Breast,Allograft Heterotopic,Spherical,2.2437819,-3.25,9.5,0.839997186,NA,12.88295353,NA,NA,NA
87,INM,Hybrid,Passive,Skin,Xenograft Orthotopic,Spherical,0.8325089,0,0.5,0.066280918,0.033213663,0.749473592,0.075640555,0.049515585,0.15146569
88,INM,Hybrid,Active,Skin,Xenograft Orthotopic,Spherical,0.845098,-3,0.5,0.158038317,0.074725612,2.191166597,0.23180036,0.078253541,0.327777244
89,INM,Other IM,Active,Breast,Allograft Heterotopic,Spherical,2.2253093,-2.7,9.5,0.944864685,NA,15.04766602,NA,NA,NA
90,INM,Other IM,Passive,Breast,Allograft Heterotopic,Spherical,2.1766699,-2.3,9.5,0.515756958,NA,9.693549356,NA,NA,NA
91,INM,Other IM,Active,Cervix,Xenograft Heterotopic,Spherical,1.7259116,-12.4,16,5.732735984,0.00891956,0.952822905,0.241971526,0.025676979,0.043073262
92,INM,Iron Oxide,Active,Brain,Xenograft Heterotopic,Spherical,1.50515,NA,90.91,4.12239868,NA,NA,NA,NA,NA
93,INM,Iron Oxide,Passive,Pancreas,Xenograft Heterotopic,Others,2.2789821,-21.9,20,0.201561247,0.197643637,5.92257834,0.71219007,0.248681582,0.425010454
94,INM,Iron Oxide,Passive,Colon,Allograft Heterotopic,Spherical,1.90309,-0.5,11,0.372137637,NA,NA,NA,NA,NA
95,INM,Iron Oxide,Active,Lung,Xenograft Heterotopic,Spherical,2,3,0.73313783,24.77953957,10.60131453,31.35758327,1.591667775,2.721367522,8.69664608
96,Hybrid,Hybrid,Passive,Breast,Allograft Heterotopic,Others,2.1760913,-19,1.2,1.690254406,NA,28.24903744,NA,NA,NA
97,INM,Other IM,Active,Cervix,Xenograft Heterotopic,Rod,NA,-14.6,5,0.216752237,0.038011156,1.146447092,0.096563499,0.122653378,0.257186958
98,INM,Other IM,Passive,Sarcoma,Allograft Orthotopic,Spherical,NA,-9.8,5,0.742915348,0.164181062,2.790901398,0.162456092,0.340518358,0.388693664
99,INM,Other IM,Passive,Sarcoma,Allograft Orthotopic,Spherical,NA,-12.7,5,0.581607199,0.183309789,3.108886977,0.161552802,0.391440819,0.512039827
100,INM,Other IM,Passive,Cervix,Xenograft Heterotopic,Spherical,2.6417715,-14.4,25,1.973862808,0.587960849,28.08942121,1.862548251,0.550941151,0.766223138
101,INM,Other IM,Passive,Colon,Allograft Heterotopic,Spherical,1.90309,-0.5,27.33,0.891304348,NA,NA,NA,NA,NA
102,INM,Silica,Passive,Breast,Allograft Orthotopic,Spherical,2.4070508,-27.6,10,0.222735215,0.343559755,54.21883685,4.54658008,1.386775819,1.698984047
103,Hybrid,Hybrid,Passive,Liver,Xenograft Heterotopic,Spherical,2.3222193,27,8,0.879423655,0.210275765,10.30209702,0.776237265,0.834142836,1.333472743
104,Hybrid,Hybrid,Passive,Skin,Allograft Orthotopic,Spherical,2.3856063,-11.7,750,6.103032178,0.793412786,25.89227292,1.313428218,1.486272418,1.108584586
105,INM,Silica,Passive,Breast,Allograft Orthotopic,Spherical,2.0322157,-14,12.78772379,2.036128551,0.255784847,15.75880605,0.652754077,0.825471487,1.122335133
106,Hybrid,Hybrid,Passive,Breast,Allograft Orthotopic,Rod,2.3222193,24.1,5,6.345282186,0.389888329,27.19419944,16.08460844,2.304188828,8.659160242
107,Hybrid,Hybrid,Active,Breast,Allograft Orthotopic,Rod,2.3222193,24.1,5,16.62617028,0.44955869,22.53823756,12.58377415,1.939419851,7.172778629
108,Hybrid,Hybrid,Passive,Colon,Allograft Heterotopic,Spherical,1.6919651,0,0.68,0.36240066,NA,41.86162738,4.419922236,NA,0.731484379
109,INM,Other IM,Active,Breast,Xenograft Heterotopic,Spherical,2.3117539,-25.5,35,0.037053885,NA,2.128130036,NA,0.034912334,0.273478145
110,INM,Silica,Passive,Colon,Allograft Heterotopic,Spherical,NA,NA,12,0.266664467,1.203992493,16.07271269,1.056806052,2.699913806,1.848074909
111,INM,Silica,Active,Cervix,Xenograft Heterotopic,Spherical,2.3222193,-31.6,10,2.602879878,1.145393882,17.24174427,4.426321112,2.366806734,1.79287376
112,INM,Silica,Passive,Sarcoma,Allograft Orthotopic,Spherical,2.3475252,-17.9,12.95336788,20.34484486,1.39012632,6.159362665,6.18339905,2.2392708,1.573544311
113,ONM,Polymeric,Passive,Lung,Allograft Heterotopic,Spherical,1.5646661,-8.5,5,1.259159941,0.741395287,11.19555033,0.806291478,1.071102653,3.59120873
114,ONM,Polymeric,Active,Breast,Allograft Heterotopic,Spherical,1.5682017,NA,0.304,0.903915515,NA,8.89524939,NA,NA,NA
115,ONM,Polymeric,Passive,Breast,Allograft Heterotopic,Spherical,1.5682017,NA,0.304,0.501095569,NA,11.87677254,NA,NA,NA
116,ONM,Polymeric,Passive,Skin,Xenograft Orthotopic,Spherical,1.8573325,-0.5,14.22,0.858989844,NA,NA,NA,NA,NA
117,ONM,Polymeric,Passive,Skin,Xenograft Orthotopic,Spherical,1.8573325,-0.5,14.22,0.965362062,NA,NA,NA,NA,NA
118,ONM,Polymeric,Passive,Breast,Xenograft Heterotopic,Spherical,1.3475252,-1.48,NA,0.124137877,0.060115721,1.3584683,0.164734042,0.208377083,0.410808801
119,ONM,Polymeric,Passive,Breast,Xenograft Heterotopic,Spherical,1.3475252,-1.48,NA,0.214770322,0.054999785,1.281467808,0.132510236,0.151734502,0.157862515
120,ONM,Polymeric,Passive,Skin,Xenograft Orthotopic,Others,1.94939,-7,5,0.022695555,0.046696614,0.689353223,0.077058546,0.03442999,0.218332067
121,ONM,Polymeric,Active,Skin,Xenograft Orthotopic,Others,1.9444827,-24.16,5,0.058315919,0.019035777,0.578189818,0.066558984,0.046749683,0.076141156
122,ONM,Polymeric,Passive,Ovary,Xenograft Heterotopic,Rod,2.3560259,-3.2,10,0.298469642,NA,0.343674467,0.194207099,0.023296179,NA
123,ONM,Polymeric,Passive,Ovary,Xenograft Heterotopic,Others,2.4199557,-3.4,10,0.219741884,NA,0.984789834,0.95771666,0.026191775,NA
124,ONM,Polymeric,Passive,Lung,Xenograft Heterotopic,Rod,2.3344538,-3.11,10,0.074885964,NA,3.197420834,1.653937475,0.072860756,NA
125,ONM,Polymeric,Passive,Lung,Xenograft Heterotopic,Rod,2.3344538,-3.36,10,0.081348129,NA,4.543210058,2.195169431,0.105894175,NA
126,ONM,Polymeric,Active,Breast,Xenograft Heterotopic,Spherical,2.437909,-12.13,1.25,1.258489168,0.098865199,2.705257007,0.602541815,0.653635196,0.966568833
127,ONM,Polymeric,Passive,Breast,Xenograft Heterotopic,Spherical,2.3356585,-14.34,1.25,0.409465854,0.084364495,2.66338327,0.248302325,0.136431304,0.551160164
128,ONM,Polymeric,Passive,Colon,Allograft Heterotopic,Spherical,1.4771213,-2.29,5,0.800205628,NA,NA,NA,NA,NA
129,ONM,Polymeric,Passive,Colon,Allograft Heterotopic,Spherical,1.7323938,-1.61,5,0.818333333,NA,NA,NA,NA,NA
130,ONM,Polymeric,Passive,Colon,Allograft Heterotopic,Spherical,1.8388491,-0.89,5,0.90724026,NA,NA,NA,NA,NA
131,ONM,Polymeric,Passive,Colon,Allograft Heterotopic,Spherical,2.0413927,0.15,5,0.695010823,NA,NA,NA,NA,NA
132,ONM,Polymeric,Passive,Pancreas,Xenograft Heterotopic,Spherical,1.4771213,-2.29,5,0.984691358,NA,5.614268833,0.349242443,NA,1.221041653
133,ONM,Polymeric,Passive,Pancreas,Xenograft Heterotopic,Spherical,1.7323938,-1.61,5,0.626975309,NA,8.538950414,0.54025393,NA,1.261755667
134,ONM,Polymeric,Passive,Pancreas,Xenograft Heterotopic,Spherical,1.8388491,-0.89,5,0.387901235,NA,8.166343433,0.584810459,NA,1.108819681
135,ONM,Polymeric,Passive,Pancreas,Xenograft Heterotopic,Spherical,2.0413927,0.15,5,0.388580247,NA,10.71790179,0.403882195,NA,0.922753497
136,ONM,Polymeric,Active,Breast,Allograft Heterotopic,Spherical,1.8506462,4,5,0.608229424,0.376373805,5.163929869,0.240082248,0.610082483,0.664695191
137,ONM,Polymeric,Active,Breast,Allograft Heterotopic,Spherical,1.9375179,2,5,0.473145168,0.498728528,6.747080979,0.36998847,0.687757843,0.734804251
138,ONM,Polymeric,Passive,Breast,Allograft Heterotopic,Spherical,1.80618,3,5,0.356082215,0.674920912,7.065477291,0.677214904,0.95297179,1.106803691
139,ONM,Polymeric,Passive,Colon,Allograft Heterotopic,Spherical,1.9489018,-0.96,1.3,0.32609653,NA,7.838557447,1.607827531,NA,1.027553596
140,ONM,Polymeric,Passive,Colon,Allograft Heterotopic,Spherical,1.9400182,-0.47,1.3,0.206892888,NA,6.462777848,1.59909215,NA,0.625591849
141,ONM,Polymeric,Passive,Cervix,Xenograft Heterotopic,Spherical,1.8076027,-0.39,10,0.665892167,0.386593355,8.180839681,0.792260523,NA,0.894315942
142,ONM,Polymeric,Active,Cervix,Xenograft Heterotopic,Spherical,1.8347385,-1.07,10,0.588138,0.315277851,9.737500674,0.857668325,NA,0.756817876
143,ONM,Polymeric,Active,Cervix,Xenograft Heterotopic,Spherical,1.8402316,-1.98,10,0.724509808,0.319739031,8.946094423,0.825792379,NA,0.824143841
144,ONM,Polymeric,Active,Cervix,Xenograft Heterotopic,Spherical,1.8603979,-2.33,10,0.673964214,0.315287215,10.04679986,0.948487125,NA,0.749113051
145,ONM,Polymeric,Active,Cervix,Xenograft Heterotopic,Spherical,1.8891336,-6.95,10,0.782268264,0.313044608,13.08717364,0.957779436,NA,0.726661811
146,ONM,Polymeric,Active,Cervix,Xenograft Heterotopic,Spherical,1.9604232,-9.25,10,0.742257889,0.308459354,20.49816934,1.188852405,NA,0.868815938
147,ONM,Polymeric,Passive,Colon,Allograft Heterotopic,Spherical,1.60206,-2,5,1.50482611,NA,NA,NA,NA,NA
148,ONM,Polymeric,Active,Breast,Allograft Orthotopic,Spherical,1.3521825,0,13.2,4.472235832,0.079938961,49.13724719,2.967876633,0.450428945,2.519933918
149,ONM,Polymeric,Passive,Colon,Allograft Heterotopic,Spherical,1.8129134,-2,10,1.140031462,0.218904954,11.49237679,1.55040911,NA,0.78402485
150,ONM,Polymeric,Passive,Sarcoma,Allograft Heterotopic,Spherical,2.3455698,NA,20,1.95850275,NA,7.074521479,3.343674017,0.241119118,0.200596071
151,ONM,Polymeric,Active,Cervix,Xenograft Heterotopic,Spherical,1.30103,NA,4,0.302928103,0.695844917,30.54021616,0.529730461,1.785280141,2.71979978
152,ONM,Polymeric,Passive,Cervix,Xenograft Heterotopic,Spherical,1.30103,NA,4,0.227806503,0.509138131,29.35353904,0.765914611,1.679714846,2.225934899
153,ONM,Polymeric,Passive,Breast,Allograft Heterotopic,Spherical,2.1254813,-15.75,11.1,0.920213473,NA,44.77128524,0.387199257,0.042124592,0.171087591
154,ONM,Polymeric,Passive,Liver,Allograft Heterotopic,Spherical,2.1737688,-13.2,100,10.50065484,NA,15.16997643,4.634225501,7.990695071,8.52283855
155,ONM,Polymeric,Passive,Liver,Allograft Heterotopic,Spherical,2.1967287,-23.2,100,8.813880565,NA,17.3572241,5.800863112,8.372180378,8.671186021
156,ONM,Polymeric,Passive,Liver,Allograft Heterotopic,Spherical,2.1931246,-38.4,100,7.599330132,NA,18.27970097,6.370080938,8.408384221,9.229060213
157,ONM,Polymeric,Passive,Liver,Allograft Heterotopic,Spherical,2.6594408,-25.1,100,3.288486003,NA,23.59923718,10.25673245,11.71265238,9.328133241
158,ONM,Polymeric,Passive,Liver,Allograft Heterotopic,Spherical,2.1763807,14.8,15,1.820631338,NA,28.93673937,12.81944055,4.418756208,0.76984488
159,ONM,Polymeric,Passive,Liver,Allograft Heterotopic,Spherical,2.177825,25.5,15,2.504101307,NA,30.20060697,11.64554128,4.92245862,0.768484743
160,ONM,Polymeric,Passive,Liver,Allograft Heterotopic,Spherical,2.183839,34.6,15,3.532153005,NA,28.99580614,11.9488397,5.508922772,0.717148436
161,ONM,Polymeric,Passive,Liver,Allograft Heterotopic,Spherical,2.4781334,24.4,15,1.637974848,NA,30.60599081,11.85444985,5.016801982,0.734178479
162,ONM,Polymeric,Passive,Colon,Allograft Heterotopic,Spherical,1.60206,-4,5,0.916523535,NA,6.951125476,0.517644284,NA,0.668098479
163,ONM,Polymeric,Passive,Breast,Allograft Heterotopic,Spherical,2.6009729,38.1,0.0545,3.920837696,0.033902027,22.95132684,1.766329589,0.683621138,1.583338429
164,ONM,Polymeric,Passive,Breast,Allograft Heterotopic,Spherical,2.4409091,16.4,0.3636,4.728158192,0.038721487,23.3835103,2.762017479,1.922286752,1.405274815
165,ONM,Other OM,Active,Breast,Allograft Heterotopic,Plate,1.5682017,-2,5,0.984127913,NA,13.88139544,NA,NA,NA
166,ONM,Other OM,Passive,Breast,Allograft Heterotopic,Plate,1.4183013,-16.4,5,0.45668341,NA,10.85206763,NA,NA,NA
167,ONM,Other OM,Passive,Breast,Allograft Heterotopic,Plate,1.3404441,-9.46,5,0.88929794,NA,13.54406811,NA,NA,NA
168,ONM,Other OM,Active,Breast,Allograft Heterotopic,Plate,1.4313638,-0.08,5,0.461473206,NA,14.18995517,NA,NA,NA
169,ONM,Other OM,Passive,Skin,Allograft Orthotopic,Plate,1.9542425,-30,50,9.113012279,3.115999256,15.07915167,19.46276298,2.594395783,7.528858572
170,ONM,Other OM,Passive,Brain,Xenograft Heterotopic,Plate,1.4424798,-9.46,5,0.213513102,NA,15.29160138,NA,NA,NA
171,ONM,Other OM,Active,Brain,Xenograft Heterotopic,Plate,1.5171959,-5,5,0.364037675,NA,14.01833338,NA,NA,NA
172,ONM,Other OM,Active,Breast,Allograft Heterotopic,Plate,1.4313638,-0.08,5,1.038429073,NA,9.684938459,NA,NA,NA
173,ONM,Other OM,Passive,Breast,Allograft Heterotopic,Plate,1.3404441,-9.46,5,0.675755112,NA,11.90497822,NA,NA,NA
174,ONM,Other OM,Passive,Brain,Xenograft Heterotopic,Rod,2.30103,NA,0.04,0.777683925,NA,34.12730995,NA,NA,NA
175,ONM,Other OM,Active,Brain,Xenograft Heterotopic,Rod,2.30103,NA,0.04,1.250126008,NA,NA,NA,NA,NA
176,ONM,Other OM,Passive,Brain,Xenograft Heterotopic,Rod,2.30103,NA,0.04,1.125882057,NA,20.17120041,NA,NA,NA
177,ONM,Other OM,Active,Brain,Xenograft Heterotopic,Rod,2.30103,NA,0.04,3.563634073,NA,NA,NA,NA,NA
178,ONM,Liposome,Passive,Cervix,Xenograft Orthotopic,Spherical,1.984077,-59.4,1292,1.597340895,NA,20.65395537,2.925467345,NA,4.813205504
179,ONM,Liposome,Passive,Breast,Allograft Orthotopic,Spherical,1.8981765,-36.1,6,0.15026687,NA,4.909529742,0.225621611,0.230582745,NA
180,ONM,Liposome,Passive,Breast,Allograft Orthotopic,Spherical,1.8981765,-36.1,6,0.42597443,NA,2.926339571,0.09830954,0.23015658,NA
181,ONM,Liposome,Active,Breast,Allograft Heterotopic,Spherical,2.5865873,20,13.09,1.712545126,0.035359628,12.49384209,0.278512354,0.067444824,0.431653316
182,ONM,Liposome,Passive,Breast,Allograft Orthotopic,Spherical,2.0791812,0,50,0.973709755,0.476466818,10.13996584,1.691288619,0.66606375,1.889615933
183,ONM,Liposome,Passive,Others,Xenograft Heterotopic,Spherical,1.39794,-3,740.74,0.097465105,1.122033773,29.92635322,1.289467793,1.111836299,2.398751947
184,ONM,Liposome,Passive,Others,Xenograft Heterotopic,Spherical,1.7075702,-4,740.74,0.055087232,0.802861647,26.99775745,1.047778158,0.711861724,1.765659322
185,ONM,Liposome,Passive,Others,Xenograft Heterotopic,Spherical,1.9684829,-6,740.74,0.065460323,1.085782941,26.64763419,1.684725557,0.916646045,2.132760389
186,ONM,Liposome,Active,Colon,Allograft Heterotopic,Spherical,2.3521825,NA,11.11,0.836208488,NA,13.0575281,1.754675123,0.108841321,1.182067603
187,ONM,Liposome,Passive,Colon,Allograft Heterotopic,Spherical,2.2253093,NA,11.11,0.492367118,NA,8.018541994,0.864414302,0.079430056,0.813032357
188,ONM,Liposome,Passive,Colon,Allograft Heterotopic,Spherical,2.071882,0,15,0.537820866,NA,19.47389737,5.150143872,NA,0.095493411
189,ONM,Liposome,Passive,Others,Xenograft Heterotopic,Spherical,2.30103,-2,145.45,0.650502382,0.027769501,5.247023437,0.448520328,0.071534007,0.297114563
190,ONM,Liposome,Passive,Skin,Xenograft Orthotopic,Spherical,2,0,1,0.942684272,NA,2.591030344,0.301119008,NA,0.341028495
191,ONM,Hydrogel,Active,Breast,Allograft Heterotopic,Spherical,2.3027637,-14,10,0.044214101,NA,NA,NA,NA,NA
192,ONM,Hydrogel,Active,Breast,Allograft Heterotopic,Spherical,2.3372595,-13.5,10,0.047356121,NA,NA,NA,NA,NA
193,ONM,Hydrogel,Active,Breast,Allograft Heterotopic,Spherical,2.3537239,-13.1,10,0.089625782,NA,NA,NA,NA,NA
194,ONM,Hydrogel,Active,Breast,Allograft Heterotopic,Spherical,2.3832766,-10.8,10,0.066771981,NA,NA,NA,NA,NA
195,ONM,Hydrogel,Active,Liver,Allograft Heterotopic,Spherical,1.69897,-45,4.5,0.118741257,0.21588653,9.707996159,0.683282659,0.513903966,0.641456562
196,ONM,Hydrogel,Passive,Liver,Allograft Heterotopic,Spherical,1.9420081,-30,4,0.439432224,0.339616528,18.85111375,1.082201377,0.314285511,0.793345152
197,ONM,Hydrogel,Passive,Liver,Allograft Heterotopic,Spherical,2.1643529,9,4,0.215882622,0.300001991,13.84915339,1.506831153,0.979992925,1.380126294
198,ONM,Hydrogel,Active,Liver,Allograft Heterotopic,Spherical,2.1414498,9,4,0.246982194,0.098934163,15.04002995,1.252941733,0.909800239,1.934740232
199,ONM,Hydrogel,Active,Lung,Xenograft Heterotopic,Spherical,2.30103,-14.6,1.5,0.385996979,0.067473619,18.98660048,13.5121391,0.26949576,2.081753669
200,ONM,Hydrogel,Passive,Pancreas,Xenograft Heterotopic,Spherical,2.1225435,-24.6,0.75,0.831802824,0.098179349,70.60514269,3.457244658,0.286655287,7.158790766
201,ONM,Hydrogel,Passive,Pancreas,Xenograft Heterotopic,Spherical,2.252853,-22.3,0.75,1.388369116,0.096763952,79.68782363,9.133809478,0.372356933,6.172290895
202,ONM,Hydrogel,Active,Pancreas,Xenograft Heterotopic,Spherical,2.3632358,-18.1,0.75,2.383267311,0.109610775,73.6211112,7.676257661,0.488658138,7.228002464
203,ONM,Hydrogel,Passive,Liver,Allograft Heterotopic,Spherical,2.1205739,-34.2,4,0.681389978,0.442848382,8.125107934,0.407470913,0.532266835,2.070640699
204,ONM,Hydrogel,Passive,Liver,Allograft Heterotopic,Spherical,2.2855573,-25.7,5,0.1741093,0.284338621,4.473081126,0.644130853,0.329505351,0.964955157
205,ONM,Dendrimer,Passive,Ovary,Xenograft Orthotopic,Spherical,0.90309,-1.3,20,9.852797136,0.277985849,8.265216123,0.338866501,0.24867405,2.462341566
206,ONM,Polymeric,Passive,Ovary,Xenograft Orthotopic,Spherical,0.8195439,-1.46,40,0.44678414,0.017400279,0.222964885,0.036185132,0.021725274,0.29125849
207,ONM,Polymeric,Passive,Ovary,Xenograft Orthotopic,Spherical,0.7781512,2.28,20,1.013824031,0.055638932,27.8673845,0.453241235,0.126496838,10.28464205
208,ONM,Dendrimer,Passive,Colon,Allograft Heterotopic,Spherical,0.7671559,19.77,1,0.263319264,NA,NA,NA,NA,NA
209,ONM,Dendrimer,Passive,Colon,Allograft Heterotopic,Spherical,1.2284004,-6.51,1,1.369058819,NA,NA,NA,NA,NA
210,ONM,Dendrimer,Passive,Cervix,Xenograft Heterotopic,Spherical,0.69897,NA,8.29,2.424755422,0.236621017,3.035871458,0.303828928,0.261532214,1.534637217
211,ONM,Dendrimer,Active,Cervix,Xenograft Heterotopic,Spherical,0.69897,NA,9.52,7.95358188,0.615977883,13.62433757,0.585030991,0.318583491,2.403280821
212,ONM,Other OM,Passive,Brain,Xenograft Heterotopic,Rod,1.9777236,-36,0.05,0.039922821,0.011756804,9.377438933,2.060754915,0.0337547,0.119325609
213,ONM,Polymeric,Passive,Ovary,Xenograft Orthotopic,Spherical,1.2148438,-19.2,20,3.097058449,0.316015958,4.07034585,0.313239716,0.486957684,2.012229292
214,ONM,Other OM,Passive,Breast,Allograft Heterotopic,Rod,2.2121876,-4.34,10,3.445582179,0.485104274,19.47936559,0.672376131,1.00499508,1.577006859
215,ONM,Other OM,Passive,Breast,Allograft Heterotopic,Rod,2.3443923,-4.34,10,2.771517522,0.510727551,22.38972316,0.724556883,1.108181618,1.563368984
216,ONM,Other OM,Passive,Breast,Allograft Heterotopic,Rod,2.510545,-4.34,10,2.369585205,0.520036694,24.20440633,0.734047148,1.245475299,1.488091332
217,ONM,Other OM,Passive,Breast,Allograft Heterotopic,Rod,2.6042261,-4.34,10,2.064349949,0.538159357,32.59027789,0.800754344,1.358213768,1.403404046
218,ONM,Other OM,Passive,Lung,Xenograft Heterotopic,Spherical,1.9334873,71.3,50,0.142940404,0.192579417,21.79190099,0.921665196,0.504480679,0.800125969
219,ONM,Other OM,Passive,Lung,Xenograft Heterotopic,Spherical,2.1293676,0.6,50,0.360768628,0.232790519,15.23971376,0.920469897,0.676269828,0.979930154
220,ONM,Other OM,Active,Lung,Xenograft Heterotopic,Spherical,2.225826,-0.8,50,0.379478994,0.221281192,13.20979085,0.756026358,0.499851998,0.642537041
221,ONM,Other OM,Passive,Others,Allograft Heterotopic,Spherical,2.587711,-46.6,3.64,0.2254824,0.002730302,1.723659109,0.115915417,0.479963555,0.197546221
222,ONM,Polymeric,Passive,Brain,Xenograft Orthotopic,Spherical,2.2166936,-30.5,10,0.436821267,0.037938732,3.438283966,0.308692026,0.196229356,0.869677039
223,ONM,Polymeric,Active,Brain,Xenograft Orthotopic,Spherical,2.2437819,-27.2,10,0.615158371,0.027802685,2.674845223,0.189679217,0.033335948,0.605603556
224,ONM,Polymeric,Passive,Brain,Xenograft Orthotopic,Spherical,2.2347703,-32.8,10,0.534683544,0.020402746,2.820111849,0.257587851,0.11444023,0.681741849
225,ONM,Polymeric,Active,Brain,Xenograft Orthotopic,Spherical,2.2716093,-29.5,10,0.893987342,0.01195997,1.668041695,0.152879596,0.019816665,0.453973098
226,ONM,Polymeric,Passive,Breast,Allograft Heterotopic,Spherical,2.1271048,NA,5,0.029193978,0.161492891,9.652752354,0.916398228,0.166888763,0.703014613
227,ONM,Other OM,Active,Skin,Allograft Orthotopic,Spherical,2.1992065,-18.1,10,1.098943802,NA,NA,NA,NA,NA
228,ONM,Other OM,Active,Skin,Allograft Orthotopic,Spherical,2.1690864,-20.5,10,1.926824631,NA,NA,NA,NA,NA
229,ONM,Polymeric,Passive,Breast,Allograft Heterotopic,Spherical,2.2405492,-22.9,20,0.023259685,0.001596409,0.070385096,0.00287644,0.010164185,0.00991163
230,ONM,Polymeric,Passive,Breast,Xenograft Orthotopic,Spherical,1.9912261,-3.4,0.36,0.133624551,NA,NA,NA,NA,NA
231,ONM,Polymeric,Passive,Breast,Xenograft Orthotopic,Spherical,1.9731279,-3.4,0.36,0.809673565,NA,NA,NA,NA,NA
232,ONM,Polymeric,Passive,Breast,Xenograft Orthotopic,Spherical,2.0170333,-3.4,0.36,1.320202171,NA,NA,NA,NA,NA
233,ONM,Polymeric,Passive,Breast,Xenograft Orthotopic,Spherical,1.9822712,-3.4,0.36,2.670500197,NA,NA,NA,NA,NA
234,ONM,Polymeric,Passive,Breast,Xenograft Orthotopic,Spherical,2.0128372,-3.4,0.36,6.659747565,NA,NA,NA,NA,NA
235,ONM,Polymeric,Active,Lung,Allograft Heterotopic,Spherical,2.2692794,-24.7,13,0.137728267,NA,1.859034184,0.132270039,NA,0.366059181
236,ONM,Polymeric,Passive,Lung,Allograft Heterotopic,Spherical,2.2469907,-23.1,13,0.073336381,NA,2.09216844,0.144515023,NA,0.355130775
237,ONM,Polymeric,Passive,Colon,Allograft Heterotopic,Spherical,2.0334238,-2.3,12,1.499440777,NA,6.676086292,1.392715917,0.436760068,1.214868357
238,ONM,Polymeric,Passive,Colon,Allograft Heterotopic,Spherical,1.6981005,0.09,18.089316,0.362032315,NA,10.19182152,0.791533847,0.167840064,1.714891439
239,ONM,Polymeric,Passive,Breast,Allograft Orthotopic,Spherical,NA,-19.7,5,0.934087404,0.060475177,4.730805484,0.17920994,0.274139484,0.640609445
240,ONM,Polymeric,Active,Breast,Allograft Orthotopic,Spherical,NA,-16.8,5,1.427249357,0.058605234,5.394854328,0.219357327,0.368054841,0.627002217
241,ONM,Liposome,Passive,Sarcoma,Allograft Orthotopic,Spherical,2.1978317,-17.4,8,0.013050331,0.068609924,22.89125764,0.723935581,0.104745365,0.151458667
242,ONM,Polymeric,Passive,Breast,Allograft Orthotopic,Spherical,NA,NA,20,0.436648319,NA,NA,NA,NA,NA
243,ONM,Other OM,Passive,Breast,Xenograft Heterotopic,Rod,2.3624825,NA,5,6.415784381,6.416166507,27.41827602,5.943006762,NA,8.822229773
244,ONM,Other OM,Passive,Breast,Xenograft Heterotopic,Rod,2.3619166,-10,5,6.561646175,6.809560221,26.82150872,5.956198152,NA,9.089168556
245,ONM,Other OM,Passive,Breast,Xenograft Heterotopic,Rod,2.382017,0,5,5.879771934,7.09309256,28.09335679,5.462554155,NA,9.629936563
246,ONM,Other OM,Active,Breast,Xenograft Heterotopic,Rod,2.3843534,3.8,5,13.92470211,8.570762705,32.3602873,2.606372052,NA,16.13467606
247,ONM,Other OM,Active,Breast,Xenograft Heterotopic,Rod,2.3807538,-10,5,14.10258235,9.089560806,32.64007959,2.728686622,NA,17.24487934
248,ONM,Other OM,Active,Colon,Xenograft Heterotopic,Spherical,2.3147097,-20,7,0.697088242,NA,NA,NA,NA,NA
249,ONM,Dendrimer,Active,Breast,Xenograft Heterotopic,Spherical,0.8864907,NA,1,6.288722952,NA,8.176729721,6.539825635,NA,32.71745259
250,ONM,Dendrimer,Active,Breast,Xenograft Heterotopic,Spherical,0.8864907,NA,1,8.18551007,NA,22.07451109,11.4247998,NA,41.81412186
251,ONM,Dendrimer,Active,Breast,Xenograft Heterotopic,Spherical,0.8864907,NA,1,10.42248754,NA,26.36791235,17.18106052,NA,51.74517694
252,ONM,Polymeric,Passive,Colon,Allograft Heterotopic,Spherical,1.6946052,-1.3,3,0.814605437,NA,4.781561749,0.715759176,0.345596062,0.958778668
253,ONM,Polymeric,Passive,Liver,Allograft Heterotopic,Spherical,2.0606978,-20,6,0.018097096,0.018308606,14.00845014,1.868765519,0.195799223,0.096642263
254,ONM,Liposome,Passive,Colon,Allograft Heterotopic,Spherical,2.0166155,-15,159.6,0.194607672,0.22330972,1.871460029,0.178263332,0.313421149,0.473137492
255,ONM,Liposome,Passive,Colon,Allograft Heterotopic,Spherical,2.0107239,-39.5,70.9,0.181860048,0.191364064,4.015927888,0.212404148,0.242517912,0.507032079
256,ONM,Polymeric,Passive,Cervix,Xenograft Heterotopic,Spherical,1.544068,-4,5,0.284408805,0.107301307,60.13054785,2.503267413,0.337160744,0.879276622
257,ONM,Polymeric,Passive,Cervix,Xenograft Heterotopic,Spherical,2,-4,5,0.810970948,0.135978212,15.1828027,1.180894377,0.218677967,1.26586797
258,ONM,Polymeric,Passive,Cervix,Xenograft Heterotopic,Spherical,2.0413927,-4,5,1.003125,0.255859134,16.9426888,2.391210937,0.316587283,1.862589365
259,ONM,Polymeric,Passive,Cervix,Xenograft Heterotopic,Spherical,2,-4,5,1.006782946,0.240171532,16.97965941,2.392284751,0.331401565,1.876513108
260,ONM,Polymeric,Passive,Cervix,Xenograft Heterotopic,Spherical,2.1760913,-4,5,0.982798165,0.303757773,36.25332565,14.24239242,0.475425705,1.62837654
261,ONM,Polymeric,Passive,Cervix,Allograft Heterotopic,Spherical,2.0326188,NA,2,0.297984513,0.275453064,2.979342954,0.066879438,0.111220412,0.69402577
262,Hybrid,Hybrid,Passive,Colon,Xenograft Heterotopic,Others,1.39794,NA,0.0095,1.334728627,0.171726868,43.36122381,4.099676191,0.255735398,0.824262957
263,ONM,Other OM,Passive,Liver,Allograft Heterotopic,Spherical,2.0606978,-31.8,8,0.078822036,0.010866509,5.134802821,0.031335388,0.013025593,0.100973838
264,ONM,Polymeric,Passive,Breast,Allograft Orthotopic,Spherical,2.0542299,10,10,1.326315789,0.103865785,3.090186521,0.179247029,0.347073732,0.160837795
265,ONM,Other OM,Active,Breast,Allograft Orthotopic,Spherical,NA,21.7,10,0.027843044,NA,NA,NA,NA,NA
266,ONM,Dendrimer,Passive,Sarcoma,Allograft Orthotopic,Spherical,0.8260748,16.3,1,4.570396004,1.567905095,4.097260278,1.088107185,1.918870537,5.637326172
267,ONM,Dendrimer,Active,Sarcoma,Allograft Orthotopic,Spherical,1.839478,36.7,1,16.2334818,1.790612832,5.80925693,1.476285902,2.56576297,8.57297285
268,ONM,Other OM,Passive,Breast,Allograft Heterotopic,Spherical,2.2552725,34.4,9,0.247518061,0.030361672,5.741883721,0.348791013,1.029303111,0.306077657
269,ONM,Polymeric,Passive,Liver,Allograft Heterotopic,Spherical,2.1818436,-10.3,5,0.120491901,0.210477134,18.78823744,0.973970434,0.731027163,0.842001702
270,ONM,Polymeric,Active,Liver,Allograft Heterotopic,Spherical,2.1958997,-8.8,5,0.22400043,0.277942088,17.14721436,1.085863136,0.590199165,1.852966958
271,ONM,Polymeric,Passive,Sarcoma,Allograft Orthotopic,Spherical,2.1303338,NA,3,0.071483525,0.086530812,1.635728016,0.108740313,0.147318054,0.219894263
272,ONM,Polymeric,Passive,Sarcoma,Allograft Orthotopic,Spherical,2.1892095,NA,3,0.120321012,0.089844973,1.12873094,0.15798534,0.109874253,0.227980834
273,ONM,Liposome,Passive,Breast,Allograft Heterotopic,Spherical,1.94939,-40,5,0.094811321,NA,0.623029077,NA,NA,NA
274,ONM,Liposome,Passive,Breast,Allograft Heterotopic,Spherical,2.1398791,-14,5,0.128685141,NA,0.379899884,NA,NA,NA
275,ONM,Liposome,Passive,Breast,Allograft Heterotopic,Spherical,2.10721,5,5,0.14035967,NA,0.374385558,NA,NA,NA
276,ONM,Polymeric,Passive,Liver,Allograft Heterotopic,Spherical,1.3096302,3.91,5,0.009783013,0.006218746,0.231378775,0.032814522,0.010769869,0.029824374
277,ONM,Polymeric,Passive,Liver,Xenograft Heterotopic,Spherical,2.0413927,-5.1,2,0.149559859,0.029710486,0.737371186,0.058348093,0.092193043,0.128829636
278,ONM,Polymeric,Active,Liver,Xenograft Heterotopic,Spherical,2.0464952,-6.2,2,0.211600156,0.025719785,0.756957794,0.046534005,0.092666408,0.084767431
279,ONM,Polymeric,Passive,Colon,Allograft Heterotopic,Spherical,2.0224284,-4.8,3,0.444985299,NA,3.795090842,1.45777983,0.343954014,0.937753804
280,ONM,Polymeric,Passive,Liver,Xenograft Heterotopic,Spherical,2.155336,0,10,0.311793985,NA,NA,NA,NA,NA
281,ONM,Polymeric,Passive,Liver,Xenograft Heterotopic,Spherical,2.161368,0,10,0.311915318,NA,NA,NA,NA,NA
282,ONM,Polymeric,Active,Liver,Xenograft Heterotopic,Spherical,2.1702617,0,10,0.427035169,NA,NA,NA,NA,NA
283,ONM,Other OM,Active,Liver,Xenograft Heterotopic,Spherical,2.0021661,-23.1,5,0.035738943,0.076641937,NA,NA,NA,NA
284,ONM,Other OM,Active,Liver,Xenograft Heterotopic,Spherical,2.0021661,-23.1,5,0.042828094,0.057734741,NA,NA,NA,NA
285,ONM,Dendrimer,Passive,Colon,Allograft Heterotopic,Spherical,2.3560259,30.3,2.5,6.873319527,NA,NA,NA,NA,NA
286,ONM,Dendrimer,Active,Colon,Allograft Heterotopic,Spherical,2.1702617,18.4,2.5,31.15166814,NA,NA,NA,NA,NA
287,ONM,Polymeric,Passive,Lung,Xenograft Heterotopic,Spherical,2.0285713,35.6,3,0.142022595,0.394974606,4.96696004,0.290436978,0.066372419,2.249862934
288,ONM,Polymeric,Active,Lung,Xenograft Heterotopic,Spherical,2.3565994,28.3,3,0.18297664,0.48846165,6.862389088,0.132405149,0.061114267,3.481301516
289,ONM,Polymeric,Passive,Lung,Xenograft Heterotopic,Spherical,2.0285713,35.6,3,0.150660745,0.26597672,5.735343607,0.235357551,0.084340631,2.357333125
290,ONM,Polymeric,Active,Lung,Xenograft Heterotopic,Spherical,2.3565994,28.3,3,0.288901289,0.331392854,6.774124308,0.098084387,0.13685687,2.660080045
291,ONM,Polymeric,Passive,Breast,Allograft Heterotopic,Spherical,1.9849771,0,10,0.502597284,0.10905791,1.52529501,0.101897221,0.126721908,0.351476386
292,ONM,Polymeric,Passive,Liver,Allograft Heterotopic,Spherical,2.0986437,-7.4,5,0.194102564,0.893549733,5.322464833,0.512593726,0.913051304,1.531584207
293,ONM,Polymeric,Active,Liver,Allograft Heterotopic,Spherical,2.1152776,-2.3,5,0.315192308,0.873621239,4.843735019,0.395989513,0.765971999,1.096164816
294,ONM,Other OM,Active,Prostate,Xenograft Heterotopic,Spherical,NA,NA,8,0.243050872,0.120579915,2.345191799,0.365828299,0.453227682,0.483424056
295,ONM,Polymeric,Passive,Liver,Allograft Heterotopic,Spherical,2.2615008,-22.6,10,5.362762999,0.015118224,11.5873398,0.072218376,0.140981887,0.118733533
296,ONM,Polymeric,Passive,Liver,Allograft Heterotopic,Spherical,2.1818436,0,2,0.673007246,1.312812569,12.20246594,1.374767351,0.804671295,3.793895034
297,ONM,Polymeric,Active,Liver,Allograft Heterotopic,Spherical,2.2121876,0,2,0.562736742,1.689105284,17.65989138,1.527499818,2.012154948,4.196739221
298,ONM,Polymeric,Active,Liver,Allograft Heterotopic,Spherical,2.1818436,0,2,1.136174842,1.489754386,23.16164957,1.161302838,0.82026232,5.000160112
299,ONM,Liposome,Passive,Prostate,Xenograft Heterotopic,Spherical,1.9684829,-32.2,2,0.149013994,0.147355236,6.262759152,NA,0.048310881,0.643080596
300,ONM,Liposome,Active,Prostate,Xenograft Heterotopic,Spherical,2.0086002,-12.2,2,0.390763733,0.102607045,5.785183591,NA,0.045868463,0.659106924
301,ONM,Other OM,Active,Liver,Allograft Heterotopic,Spherical,2.2557548,-20.3,5,0.07756503,0.005217926,0.374402314,0.000982926,0.003865301,0.097737176
302,ONM,Other OM,Active,Liver,Allograft Heterotopic,Spherical,2.1156105,-8.2,5,0.094515117,0.003562445,0.494963154,0.001186328,0.004156883,0.107163339
303,ONM,Other OM,Passive,Liver,Allograft Heterotopic,Spherical,1.7355989,-22.3,10,1.135149081,NA,28.36871164,NA,NA,0.460106764
304,ONM,Liposome,Active,Cervix,Xenograft Heterotopic,Spherical,1.0934217,27.2,4,3.733625271,NA,6.698601486,0.045935293,0.043174967,1.638345286
305,ONM,Other OM,Active,Sarcoma,Allograft Orthotopic,Spherical,2.1293676,-35.1,15,2.706430799,1.597402609,38.44666371,2.188916935,1.575691152,1.095343852
306,ONM,Other OM,Active,Sarcoma,Allograft Orthotopic,Spherical,2.1528996,-31,15,3.988853556,0.641918887,36.01265233,4.306588044,1.124233629,1.120359321
307,Hybrid,Hybrid,Passive,Liver,Allograft Heterotopic,Spherical,2.0881361,-30.1,5,0.038357173,0.008344239,0.293459544,0.016859618,0.023356243,0.058633844
308,Hybrid,Hybrid,Active,Liver,Allograft Heterotopic,Spherical,2.3396502,-30.1,5,0.053030204,0.003592571,0.224055,0.009850428,0.026306342,0.058028733
309,ONM,Polymeric,Passive,Others,Allograft Heterotopic,Spherical,0.9344985,NA,85,0.55823644,NA,NA,NA,NA,NA
310,ONM,Polymeric,Passive,Others,Allograft Heterotopic,Spherical,1.40824,NA,22.5,1.783373756,NA,NA,NA,NA,NA
311,ONM,Polymeric,Active,Breast,Xenograft Heterotopic,Spherical,NA,-22.1,5,0.166308594,0.045553086,15.12026891,0.551143657,0.152341788,0.29700851
312,ONM,Polymeric,Passive,Liver,Allograft Heterotopic,Spherical,2.155336,NA,5,0.207802858,0.2358424,19.15548847,1.264264413,0.886766623,1.043423763
313,ONM,Polymeric,Active,Liver,Allograft Heterotopic,Spherical,2.1731863,NA,5,0.296563624,0.296142853,15.4942916,1.116553491,0.650781871,1.944813384
314,ONM,Other OM,Active,Lung,Xenograft Heterotopic,Spherical,2.2070955,-31.1,30,0.093270199,0.008088691,0.500164681,0.094861268,0.019947165,0.117252893
315,ONM,Polymeric,Passive,Skin,Allograft Orthotopic,Spherical,2.2203696,-36.7,5,0.150057208,0.099788676,3.45382949,0.115815187,0.11853683,0.184070964
316,ONM,Other OM,Passive,Breast,Allograft Heterotopic,Spherical,2.1254813,-27.1,8,0.047110238,0.007030381,19.33989767,0.015519083,0.03091435,0.841952058
317,ONM,Other OM,Passive,Sarcoma,Allograft Orthotopic,Plate,NA,-6,5,0.128441511,0.157425389,3.818837459,0.294605588,0.373062305,0.439425174
318,ONM,Other OM,Active,Sarcoma,Allograft Orthotopic,Plate,NA,-5.96,5,0.169412162,0.142254516,3.201430709,0.276523389,0.351676639,0.378363992
319,ONM,Polymeric,Passive,Colon,Xenograft Heterotopic,Spherical,1.8825245,-13,3,0.208698659,0.021335265,4.518939773,0.649231361,0.065415785,0.16618945
320,ONM,Polymeric,Passive,Skin,Allograft Orthotopic,Spherical,2.1760913,0,10,0.377306208,0.152997632,6.239856692,0.244321586,0.112664818,0.64330319
321,ONM,Polymeric,Active,Skin,Allograft Orthotopic,Spherical,2.1846914,0,10,0.691478315,0.142882644,4.891466294,0.145063556,0.103591685,0.592346173
322,ONM,Polymeric,Passive,Breast,Allograft Orthotopic,Spherical,2.1643529,-22.7,9.2,0.164754351,NA,NA,NA,NA,NA
323,ONM,Polymeric,Passive,Liver,Allograft Heterotopic,Spherical,2.2211533,12.3,10,0.159676486,NA,1.605464586,0.137206458,0.11360952,0.053894279
324,ONM,Polymeric,Active,Liver,Allograft Heterotopic,Spherical,2.2432861,8.7,10,0.228940676,NA,2.127343746,0.175981128,0.141013692,0.070873018
325,ONM,Other OM,Passive,Liver,Allograft Heterotopic,Spherical,2.3111178,-26.9,4,0.334697939,0.309876619,10.81375265,0.537181754,0.317389394,1.679712299
326,ONM,Other OM,Active,Liver,Allograft Heterotopic,Spherical,2.3430145,-38,4,0.434049163,0.326612662,10.45912869,0.461073064,0.206104481,1.230279909
327,ONM,Other OM,Passive,Liver,Allograft Heterotopic,Spherical,2.2702129,-19,8,0.008095257,0.221342127,0.165316239,0.571883935,0.078221003,0.160390351
328,Hybrid,Hybrid,Passive,Breast,Xenograft Heterotopic,Plate,1.7497363,0,5,0.375366071,0.119451682,1.634228149,0.161158565,0.160921212,0.330153877
329,ONM,Polymeric,Passive,Breast,Allograft Heterotopic,Spherical,1.307496,-2,947.3684211,0.747635691,0.16384154,2.075137649,0.336029652,0.141644175,1.549333624
330,ONM,Polymeric,Active,Liver,Allograft Heterotopic,Spherical,2.2953471,-20.4,6,2.624417537,0.280329564,23.57890913,0.657473189,0.339004436,3.663546461
331,ONM,Polymeric,Active,Liver,Allograft Heterotopic,Spherical,2.4421661,-23.5,6,2.292847482,0.278180155,26.28149162,0.520558167,0.306933142,2.698509159
332,ONM,Polymeric,Active,Liver,Allograft Heterotopic,Spherical,2.544068,-27.2,6,0.940774979,0.310742838,29.80501355,0.451635958,0.256045729,2.139283882
333,ONM,Polymeric,Passive,Liver,Allograft Heterotopic,Spherical,2.4121244,-23.7,6,2.596322335,0.191083468,22.82586062,0.494024161,0.2509255,1.925176695
334,ONM,Polymeric,Passive,Liver,Allograft Heterotopic,Spherical,2.1947918,-23.7,6,4.010675616,0.168694538,24.29332151,0.458103168,0.222935362,2.035764199
335,ONM,Other OM,Active,Breast,Xenograft Heterotopic,Spherical,1.9479236,-15.6,50,0.956134637,0.281174604,2.776569122,0.248391527,0.43661115,0.365667133
336,ONM,Liposome,Passive,Others,Xenograft Heterotopic,Spherical,2.0633334,-36.4,20,0.243440955,1.30235213,12.1441301,1.401843887,1.961559799,4.119545298
337,ONM,Polymeric,Passive,Lung,Xenograft Heterotopic,Spherical,2.2182729,25.1,15,10.05163862,0.384921347,5.172642171,3.181675933,NA,5.895703911
338,ONM,Polymeric,Active,Lung,Xenograft Heterotopic,Spherical,2.2655253,21.1,15,23.41807257,0.346068599,7.785544033,3.377789072,NA,7.699510154
339,ONM,Liposome,Passive,Others,Xenograft Heterotopic,Spherical,2.0515384,-39.7,5,5.975741381,4.260283738,31.39294793,2.622079809,5.161039959,7.690251451
340,ONM,Polymeric,Passive,Breast,Allograft Heterotopic,Spherical,2.0884905,-15,5,1.413391162,0.428451966,7.017690557,0.430773225,0.423505276,1.204943104
341,ONM,Liposome,Passive,Ovary,Xenograft Heterotopic,Spherical,1.7581546,34.5,10,0.183928067,NA,2.565920721,NA,0.141842879,0.301898391
342,ONM,Liposome,Active,Ovary,Xenograft Heterotopic,Spherical,1.9047155,-36.9,10,0.280675286,NA,2.508131501,NA,0.174635755,0.312629777
343,ONM,Polymeric,Passive,Liver,Allograft Heterotopic,Spherical,2.0305997,23.3,2,0.818208011,NA,NA,NA,NA,NA
344,ONM,Polymeric,Active,Liver,Allograft Heterotopic,Spherical,2.2787536,26.1,2,0.645098244,NA,NA,NA,NA,NA
345,ONM,Other OM,Passive,Liver,Allograft Heterotopic,Rod,2.2268576,24.2,5,0.80215076,0.037653008,11.64356973,0.33062068,0.110079029,0.205672429
346,ONM,Polymeric,Passive,Liver,Xenograft Heterotopic,Spherical,1.2695129,-1.8,5,1.011689638,0.174137134,7.329180833,0.372361389,0.417062358,1.850068489
347,ONM,Polymeric,Passive,Liver,Allograft Heterotopic,Spherical,2.1367206,-15.6,10,0.313794197,0.041562632,0.346979645,0.215312896,0.045711836,0.135659582
348,ONM,Polymeric,Passive,Liver,Allograft Heterotopic,Spherical,2.1105897,-9.1,10,0.241947975,0.038920894,0.3631179,0.224546268,0.048917238,0.147461418
349,ONM,Polymeric,Active,Breast,Xenograft Orthotopic,Spherical,2.0827854,-2.4,5,0.155982007,0.277637937,0.980967786,0.209302996,0.202840404,0.448446665
350,ONM,Other OM,Passive,Lung,Xenograft Heterotopic,Spherical,1.7323938,0,5,0.205087532,0.061131026,2.656090027,0.123903682,0.123487649,0.598323481
351,ONM,Liposome,Passive,Breast,Xenograft Heterotopic,Spherical,2.0538464,-53.2,15,0.103711321,NA,4.988955807,0.065333504,NA,NA
352,ONM,Liposome,Passive,Breast,Xenograft Heterotopic,Spherical,2.3552599,-52.4,15,0.067048802,NA,6.153863701,0.08698727,NA,NA
353,ONM,Liposome,Passive,Breast,Xenograft Heterotopic,Spherical,2.5833122,-53.9,15,0.045216714,NA,7.309147768,0.102593278,NA,NA
354,ONM,Polymeric,Passive,Prostate,Xenograft Heterotopic,Spherical,1.9822712,0,20,2.841724757,0.068035938,66.80221334,7.618717646,0.1265149,0.773982496
355,ONM,Polymeric,Passive,Cervix,Xenograft Heterotopic,Spherical,1.30103,5,2.5,1.671759148,NA,NA,NA,NA,NA
356,ONM,Polymeric,Active,Cervix,Xenograft Heterotopic,Spherical,1.30103,5,2.5,3.206550797,NA,NA,NA,NA,NA
357,ONM,Polymeric,Passive,Colon,Allograft Heterotopic,Spherical,2.0791812,-18,5,0.137614719,NA,4.976864102,0.021887992,0.036618412,0.076843634
358,ONM,Polymeric,Passive,Sarcoma,Allograft Orthotopic,Spherical,2.4504031,-9.7,15,0.150824651,0.166809979,2.048437357,0.081202092,0.405292615,0.31734339
359,ONM,Hydrogel,Active,Liver,Allograft Heterotopic,Spherical,1.8981765,-40,4.5,0.429154374,0.149391961,2.105793292,0.542693023,0.309940405,0.645035394
360,ONM,Hydrogel,Active,Liver,Allograft Heterotopic,Spherical,1.8215135,-40,4.5,0.193171633,0.042264625,5.010382385,0.705733879,0.290389727,0.758662604
361,ONM,Polymeric,Passive,Cervix,Xenograft Heterotopic,Spherical,2.2132521,-19.6,1,8.449314024,3.911828216,39.07005367,3.57803606,7.39565476,7.371139993
362,ONM,Polymeric,Passive,Cervix,Xenograft Heterotopic,Spherical,2.0737184,-13.7,1,6.814374034,4.01102287,36.21044436,3.558445635,7.038987635,7.379922668
363,ONM,Hydrogel,Passive,Liver,Allograft Heterotopic,Spherical,2.2068259,-30.9,6,0.31053961,0.110595705,14.13800848,0.915682879,0.471884497,0.980428211
364,ONM,Dendrimer,Active,Breast,Allograft Heterotopic,Spherical,1.8444772,-2.1,46.875,8.508192769,0.384754642,38.51597671,0.855834217,0.362272824,1.196998273
365,ONM,Polymeric,Passive,Breast,Xenograft Heterotopic,Spherical,2.0119931,0,30,1.663636231,NA,16.97749039,1.676953125,0.399134917,1.041226089
366,ONM,Polymeric,Passive,Breast,Xenograft Heterotopic,Spherical,2.0119931,0,70,1.705969727,NA,17.39754209,1.528970984,0.433348505,1.100310244
367,ONM,Polymeric,Passive,Breast,Xenograft Heterotopic,Spherical,2.0119931,0,140,1.683516602,NA,16.40857296,2.402597656,0.459832425,1.21611639
368,ONM,Polymeric,Passive,Breast,Xenograft Heterotopic,Spherical,2.0334238,0,30,2.255202842,NA,24.72434295,3.286621094,0.31532334,1.012416274
369,ONM,Polymeric,Passive,Breast,Xenograft Heterotopic,Spherical,2.0334238,0,70,2.76216925,NA,22.26311405,3.274024431,0.3389594,1.130774918
370,ONM,Polymeric,Passive,Breast,Xenograft Heterotopic,Spherical,2.0334238,0,140,2.326550387,NA,19.88661859,3.201738281,0.306482199,1.199893147
371,ONM,Polymeric,Passive,Breast,Xenograft Heterotopic,Spherical,2.071882,0,30,1.364524743,NA,16.94349757,5.991553628,0.455605813,0.614657851
372,ONM,Polymeric,Passive,Breast,Xenograft Heterotopic,Spherical,2.071882,0,70,1.172861757,NA,16.63982372,6.053614405,0.35349877,0.666260857
373,ONM,Polymeric,Passive,Breast,Xenograft Heterotopic,Spherical,2.071882,0,140,1.508825581,NA,17.34113141,8.791582031,0.423920032,0.762688927
374,ONM,Polymeric,Passive,Breast,Xenograft Heterotopic,Spherical,1.9637878,0,30,1.772790179,NA,12.15650138,1.298971384,0.533038316,0.665143731
375,ONM,Polymeric,Passive,Breast,Xenograft Heterotopic,Spherical,1.9637878,0,70,2.381105263,NA,9.675015681,1.949071926,0.615373078,0.93473841
376,ONM,Polymeric,Passive,Breast,Xenograft Heterotopic,Spherical,1.9637878,0,140,2.299807018,NA,6.11863322,3.169342614,0.953620555,0.891915529
377,ONM,Other OM,Passive,Lung,Xenograft Heterotopic,Spherical,2.0881361,-13.2,10,0.825960632,NA,NA,NA,NA,NA
378,ONM,Other OM,Passive,Skin,Allograft Orthotopic,Rod,2.279895,-10.1,30,0.111347409,0.0684383,15.69801136,0.591285297,0.133839314,0.39765163
379,ONM,Liposome,Active,Cervix,Xenograft Heterotopic,Spherical,2.2586373,-5.7,4,10.9933661,NA,11.09335063,0.95282802,0.57397036,1.226954123
380,ONM,Polymeric,Passive,Breast,Xenograft Heterotopic,Spherical,NA,-19.2,5.285283,0.070613661,0.000740595,7.338256534,0.01256877,0.004398154,0.000299224
381,ONM,Polymeric,Passive,Breast,Xenograft Heterotopic,Spherical,NA,-20.3,5.173683,0.049652451,0.000277723,2.06444372,0.006582909,0.000996941,0.000365718
382,ONM,Polymeric,Passive,Breast,Xenograft Heterotopic,Spherical,NA,-21.2,5.359683,0.133143048,0.000277723,0.608572149,0.00101283,0.003359533,0.000132989
383,ONM,Polymeric,Passive,Breast,Xenograft Heterotopic,Spherical,NA,-22.2,5.796411,0.075822029,0.00110101,1.397170196,0.001847895,0.000232531,0.001881215
384,ONM,Polymeric,Passive,Breast,Xenograft Heterotopic,Spherical,NA,-21.5,5.657283,0.188959514,0.009425667,4.436347129,0.018994041,0.008161306,0.008188356
385,ONM,Polymeric,Passive,Breast,Xenograft Heterotopic,Spherical,NA,-18.9,6.530739,0.355029622,0.034695711,21.36445561,0.07639574,0.0196588,0.017363331
386,INM,Other IM,Active,Brain,Xenograft Orthotopic,Spherical,2,-32.5,5,3.804375,NA,NA,NA,NA,NA
387,ONM,Polymeric,Active,Lung,Xenograft Heterotopic,Spherical,1.3974185,-15.5,20,6.24625,NA,NA,NA,NA,NA
388,ONM,Polymeric,Active,Breast,Xenograft Orthotopic,Spherical,1.9542425,-13.9,10.05,0.142574601,NA,NA,NA,NA,NA
389,ONM,Polymeric,Active,Breast,Xenograft Orthotopic,Spherical,1.9542425,-13.9,10.05,0.140054793,NA,NA,NA,NA,NA
390,ONM,Polymeric,Passive,Colon,Xenograft Heterotopic,Others,1.1139434,NA,15,1.960891737,0.233729025,40.23428757,1.672574418,0.513690959,1.28694366
391,INM,Other IM,Active,Lung,Xenograft Heterotopic,Plate,2.2304489,-43,1.2,0.526814357,0.134100812,9.913919718,0.379195631,0.195301528,0.408159579
392,ONM,Polymeric,Active,Liver,Allograft Heterotopic,Spherical,1.50515,-12,4.004232804,3.697675859,0.167214122,15.54671137,0.254707236,0.273661934,2.275949038
393,ONM,Polymeric,Active,Liver,Allograft Heterotopic,Spherical,1.7242759,-16,4.004201681,2.999698639,0.136547349,15.33156712,0.257613564,0.297441712,2.324767919
394,ONM,Polymeric,Active,Liver,Allograft Heterotopic,Spherical,2.1702617,-23,4.004162331,2.622589272,0.119846533,15.50361987,0.270208208,0.339436059,2.373989553
395,ONM,Polymeric,Active,Glioma,Allograft Orthotopic,Spherical,3.0791812,NA,0.035,0.037180349,2.445283018,56.84548933,12.09643605,14.86540756,10.09259743
396,ONM,Polymeric,Active,Glioma,Allograft Orthotopic,Spherical,3.0791812,NA,0.035,0.030106164,1.472499998,63.53123689,9.403773585,13.28166343,9.147411962
397,ONM,Polymeric,Active,Glioma,Allograft Orthotopic,Spherical,2.4701164,-42.9,0.035,0.03368685,NA,NA,NA,NA,NA
398,ONM,Polymeric,Active,Glioma,Allograft Orthotopic,Spherical,2.4701164,-42.9,0.035,0.014226781,NA,NA,NA,NA,NA
399,INM,Other IM,Active,Breast,Xenograft Orthotopic,Spherical,2.0899051,-20.8,0.432,6.31125,4.426142403,27.89948859,24.03950732,7.928586019,2.61971107
400,INM,Other IM,Active,Breast,Xenograft Orthotopic,Spherical,0.7993405,-6.9,5,0.969774987,0.038810669,1.738389583,0.038212367,0.130838906,8.710910217
401,INM,Other IM,Passive,Breast,Xenograft Orthotopic,Spherical,0.7993405,-6.9,5,0.503451679,0.037304237,1.326710672,0.017046265,0.113202815,8.077717563
402,INM,Other IM,Active,Breast,Xenograft Orthotopic,Spherical,0.7993405,-6.9,5,0.419423682,0.044859771,1.45976524,0.014621961,0.087971133,9.916482989
403,INM,Other IM,Passive,Liver,Xenograft Heterotopic,Rod,2.1760913,NA,50,0.184382826,0.036355244,2.54051798,0.141141731,0.097228889,0.133660094
404,INM,Iron Oxide,Passive,Lung,Xenograft Heterotopic,Spherical,2.3836179,-21.9,24,0.260027352,0.727084337,15.9556762,0.975083576,0.670951255,2.148456583
405,ONM,Polymeric,Active,Breast,Xenograft Heterotopic,Spherical,2.1702617,NA,5.025,0.476721779,NA,NA,NA,NA,NA
406,ONM,Polymeric,Active,Breast,Xenograft Orthotopic,Spherical,2.0652061,-36.4,10,0.110019875,0.010737219,0.309783702,0.009114086,0.017922347,0.126025238
407,ONM,Polymeric,Active,Breast,Xenograft Orthotopic,Spherical,2.0124154,-41.1,10,0.5357393,0.069804562,0.092746156,0.011604909,0.021280604,0.042916929
408,ONM,Polymeric,Active,Breast,Xenograft Orthotopic,Spherical,2.0445398,-47.5,10,0.639316478,0.00708559,0.373195687,0.021882635,0.020876472,0.091884996
409,ONM,Polymeric,Active,Breast,Xenograft Orthotopic,Spherical,2.0281644,-46.7,10,1.007921729,0.009885971,0.569699392,0.033076799,0.014434782,0.025365968
410,ONM,Polymeric,Passive,Liver,Xenograft Heterotopic,Spherical,2.1760913,NA,9,12.0676573,12.34709937,427.6784795,5.689347012,11.3629238,41.70338758
411,INM,Other IM,Passive,Glioma,Allograft Orthotopic,Spherical,1.9190781,-30.4,4.02,0.000174073,0.009138138,9.908290197,0.138986939,0.014999316,0.262004291
412,INM,Other IM,Passive,Glioma,Allograft Orthotopic,Spherical,2.4216039,-37.3,4.02,0.000274508,NA,NA,NA,NA,NA
413,INM,Other IM,Passive,Liver,Xenograft Heterotopic,Spherical,NA,6.36,40,43.51519159,0.998211491,81.08848149,8.202541737,0.511659462,1.6909965
414,ONM,Liposome,Passive,Liver,Xenograft Heterotopic,Spherical,2,NA,7.035,0.912671137,18.94717914,24.7098295,302.3004659,41.06180651,16.88132399
415,ONM,Other OM,Passive,Breast,Xenograft Heterotopic,Spherical,2.1205739,NA,20.02222222,0.397060839,NA,NA,NA,NA,NA
416,ONM,Liposome,Active,Breast,Xenograft Orthotopic,Spherical,2.0827854,-4.3,NA,0.336221014,0.222715059,5.261364645,0.378982815,0.239589539,0.63638265
417,INM,Gold,Passive,Others,Allograft Heterotopic,Spherical,2.60206,-42.57,3,4.560403364,NA,18.74560275,0.518933116,NA,0.656642052
418,INM,Silica,Passive,Breast,Xenograft Heterotopic,Spherical,1.1348144,0.77,6.8,6.221122112,NA,23.11951158,1.049016754,NA,NA
419,INM,Silica,Passive,Breast,Xenograft Heterotopic,Spherical,1.1348144,0.77,6.8,0.8576379,NA,24.37440272,0.482140977,NA,NA
420,INM,Other IM,Passive,Breast,Xenograft Heterotopic,Spherical,2.1448854,-16.49,3.015,2.302500429,0.358670807,23.77403959,0.606465333,0.18180422,5.661493562
421,INM,Other IM,Passive,Cervix,Xenograft Heterotopic,Spherical,2.1649474,NA,NA,0.272874407,NA,NA,NA,NA,NA
422,ONM,Polymeric,Passive,Cervix,Xenograft Heterotopic,Spherical,2.1583625,NA,12.39811282,1.009324339,0.215309617,3.086803611,0.232384933,0.750454417,1.877946095
423,ONM,Liposome,Passive,Breast,Xenograft Heterotopic,Spherical,2.1119343,-7.92,15,0.000802715,0.00013429,0.008211538,NA,0.000312863,0.014419466
424,ONM,Liposome,Passive,Breast,Xenograft Heterotopic,Spherical,2.0599419,-24.3,15,0.001788275,0.000257894,0.012881036,NA,0.000488825,0.020112297
425,ONM,Liposome,Passive,Liver,Xenograft Heterotopic,Spherical,2.1994809,-8.96,5.011904762,0.5028,0.357969155,5.679695122,0.075869386,0.30003,1.246021619
426,ONM,Liposome,Passive,Liver,Xenograft Heterotopic,Spherical,2.168792,-12.54,5.011904762,0.326,0.563184494,11.79814441,0.028353099,0.26499,1.551962252
427,ONM,Liposome,Passive,Liver,Xenograft Heterotopic,Spherical,2.1439511,-13.92,5.011904762,0.3012,0.875856429,12.63990963,0.200187013,0.316055231,1.56606882
428,ONM,Polymeric,Passive,Breast,Allograft Orthotopic,Rod,NA,-20.8,1.25,0.321542703,0.240654896,60.32002904,1.471138212,2.298733924,0.873215082
429,ONM,Polymeric,Passive,Breast,Allograft Orthotopic,Rod,NA,-14.7,1.25,1.436287565,0.15184888,6.176715124,0.238601395,1.532459391,1.034116668
430,ONM,Liposome,Passive,Colon,Allograft Heterotopic,Spherical,2.0791812,-25,0.005,0.178462791,0.204193375,4.971451428,0.197679245,0.404021922,0.771225465
431,ONM,Liposome,Passive,Colon,Allograft Heterotopic,Spherical,2.1303338,-18,0.005,0.613816474,0.245758345,2.596933418,0.125347429,0.349955502,0.935277297
432,INM,Other IM,Passive,Breast,Xenograft Heterotopic,Plate,2.4913617,-10.96,20,0.295206525,0.239798473,31.41838654,0.431355234,0.841654433,1.152117365
433,INM,Other IM,Passive,Breast,Xenograft Heterotopic,Plate,2.4913617,-20,20,0.85783439,0.398499633,42.20095852,0.371164399,0.949934356,2.528328386
434,INM,Gold,Active,Others,Allograft Heterotopic,Rod,2.155943,-8.8,434.7826087,3.896361892,0.166224788,10.62805159,0.137891046,0.198433491,0.714948377
435,ONM,Polymeric,Passive,Breast,Allograft Orthotopic,Spherical,1.5156089,-1.74,4,4.064847781,0.075506761,3.027577818,0.048694371,0.270843115,0.312133836
436,ONM,Polymeric,Passive,Breast,Allograft Orthotopic,Spherical,1.5156089,-1.74,16,2.109310897,0.147141536,6.881065677,0.216304588,0.75804523,0.982742793
437,INM,Other IM,Active,Breast,Xenograft Heterotopic,Spherical,2.3085644,-22.2,40,0.483567837,0.194270182,24.75220896,0.940222942,0.495794456,2.952459144
438,INM,Other IM,Active,Breast,Xenograft Heterotopic,Spherical,2.3085644,-22.2,40,1.438785414,0.240251875,33.14917627,1.246344344,0.655536911,4.004619401
439,ONM,Polymeric,Passive,Breast,Xenograft Heterotopic,Rod,2.4510799,-19.7,10,0.01498037,0.013663622,2.903012137,0.100579597,0.042304699,0.032719362
440,INM,Other IM,Active,Cervix,Xenograft Heterotopic,Spherical,2.39794,-15.8,5.230660233,0.959773529,0.192949201,11.50801779,1.196694033,1.635951143,0.604661994
441,ONM,Polymeric,Passive,Liver,Xenograft Heterotopic,Spherical,2.4473131,-2.629,6.011406844,0.433061571,0.18962887,11.29728952,0.643931572,0.893781591,1.407971725
442,ONM,Polymeric,Passive,Liver,Xenograft Heterotopic,Spherical,2.4720247,-1.078,6.012121212,0.440492399,0.192260616,11.36046817,0.647752738,0.899379811,1.425873905
443,INM,Other IM,Active,Breast,Xenograft Heterotopic,Plate,2,-8,8,0.845213857,0.243669988,18.16356472,0.469463037,0.359091191,1.563696862
444,INM,Other IM,Passive,Sarcoma,Xenograft Heterotopic,Spherical,1.3222193,-25,0.15,2.78544146,0.114106304,25.45727304,1.383901105,0.309888375,3.140578991
445,INM,Other IM,Active,Lung,Xenograft Heterotopic,Plate,2.0413927,NA,NA,0.215560977,NA,NA,NA,NA,NA
446,INM,Other IM,Active,Lung,Xenograft Heterotopic,Plate,2.0413927,NA,NA,0.578098987,NA,NA,NA,NA,NA
447,INM,Other IM,Passive,Breast,Xenograft Heterotopic,Spherical,2.3718065,-20.9,30,0.891158019,0.26981085,23.1169159,1.638914801,0.527691996,3.503989974
448,INM,Other IM,Passive,Breast,Xenograft Heterotopic,Spherical,2.3718065,-20.9,30,0.472291102,0.180268767,8.305293506,0.401280404,0.46650673,1.454326421
449,ONM,Polymeric,Passive,Breast,Allograft Orthotopic,Rod,NA,-41.93,2.777777778,0.029302745,0.060047757,25.41944764,0.70632803,0.507768275,0.500840965
450,ONM,Polymeric,Passive,Breast,Allograft Orthotopic,Rod,NA,-29.6,2.777777778,0.0675,0.279455735,26.09300682,1.693604809,5.967271884,1.182111645
451,ONM,Polymeric,Passive,Breast,Xenograft Heterotopic,Spherical,2.0166155,-3,18,0.017970916,0.032759305,0.67158493,0.035385962,0.104883297,0.114689361
452,Hybrid,Hybrid,Active,Breast,Xenograft Heterotopic,Spherical,2.3348557,-18.7,235.0877,6.755770023,10.81622917,131.6015467,24.05760564,9.795164504,22.37309861
453,ONM,Liposome,Passive,Pancreas,Xenograft Heterotopic,Spherical,2.0863598,-1,3,0.100961675,0.123808363,3.979509163,0.441025698,0.232332139,1.148343146
454,ONM,Polymeric,Active,Ovary,Xenograft Heterotopic,Spherical,1.4771213,-25.8,4.022143382,0.152960018,0.013079267,4.716206107,0.022887473,0.0332682,0.04796331
455,INM,Other IM,Passive,Breast,Xenograft Heterotopic,Spherical,2.3525684,-18.57,4,2.124732824,0.373988772,9.822761747,0.086694904,0.351272439,0.846063871
456,ONM,Polymeric,Passive,Breast,Xenograft Heterotopic,Spherical,2.0205479,-1.66452,18,1.372671756,0.417550533,12.07512034,0.090366162,0.328696335,0.893531475
457,ONM,Polymeric,Passive,Breast,Xenograft Heterotopic,Spherical,2.0228311,-1.86774,18,1.61817577,0.034064886,0.63763626,0.009992366,0.044050763,0.086687023
458,ONM,Polymeric,Passive,Breast,Xenograft Heterotopic,Spherical,2.0205479,-1.66452,18,1.207880435,NA,NA,NA,NA,NA
459,ONM,Polymeric,Passive,Breast,Xenograft Heterotopic,Spherical,1.9589041,-2.00806,18,1.885869565,NA,NA,NA,NA,NA
460,ONM,Polymeric,Passive,Breast,Xenograft Heterotopic,Spherical,1.9931507,-1.95484,18,0.96682503,NA,NA,NA,NA,NA
461,ONM,Polymeric,Passive,Breast,Xenograft Heterotopic,Spherical,1.9611872,-1.91613,18,0.527353552,NA,NA,NA,NA,NA
462,ONM,Liposome,Active,Sarcoma,Xenograft Heterotopic,Spherical,2.1341771,-24.2,1,4.239076258,NA,22.77348921,1.680076978,NA,NA
463,ONM,Liposome,Active,Sarcoma,Xenograft Heterotopic,Spherical,2.1341771,-24.2,0.2,5.320838044,NA,40.60218594,3.211422177,NA,NA
464,ONM,Liposome,Active,Sarcoma,Xenograft Heterotopic,Spherical,2.1341771,-24.2,0.02,23.09143592,NA,255.2293151,18.22657127,NA,NA
465,ONM,Other OM,Active,Breast,Xenograft Orthotopic,Rod,2.4326487,-13.7,3,0.003370004,0.004778009,0.534932863,0.029905142,0.059474805,0.015126913
466,INM,Other IM,Active,Glioma,Xenograft Orthotopic,Spherical,1.8034571,-2.2,0.660723077,7.177349058,NA,27.23895635,0.957845057,NA,NA
467,INM,Other IM,Active,Glioma,Xenograft Orthotopic,Spherical,1.8034571,-2.2,6.607230769,0.140795499,0.015142289,2.15119735,0.054948651,0.124786048,0.104010918
468,ONM,Other OM,Passive,Colon,Allograft Orthotopic,Others,NA,NA,NA,0.355039267,0.392004808,2.562421361,2.170489977,0.5910488,2.674959923
469,ONM,Other OM,Active,Breast,Xenograft Heterotopic,Spherical,1.544068,-30.9,5.025,1.562473119,NA,NA,NA,NA,NA
470,ONM,Polymeric,Passive,Colon,Xenograft Heterotopic,Spherical,1.9542425,NA,40.06666667,0.082133689,0.009107334,0.168722843,0.007632651,0.016943946,0.043227665
471,ONM,Polymeric,Passive,Colon,Allograft Orthotopic,Spherical,1.30103,-0.3,3.003314917,0.26954518,NA,NA,NA,NA,NA
472,INM,Other IM,Active,Ovary,Xenograft Heterotopic,Spherical,2.0374265,3.45,1.004187605,0.593699532,0.057780994,11.0107614,0.283734396,0.426679664,0.328817282
473,Hybrid,Hybrid,Active,Cervix,Xenograft Heterotopic,Spherical,2.2474823,20.5,1.904761905,10.77953376,0.759642187,214.6112061,0.474100671,1.028445542,1.262483149
474,ONM,Polymeric,Active,Liver,Xenograft Heterotopic,Spherical,2.25042,-15.7,3.015,0.7153775,0.158128168,35.20332669,0.399366042,NA,0.692190646
475,ONM,Polymeric,Passive,Liver,Xenograft Heterotopic,Spherical,2.1492191,-17.6,3.015,0.27947125,0.145789583,32.32058313,0.389843052,NA,0.649355146
476,INM,Other IM,Active,Glioma,Xenograft Heterotopic,Spherical,1.4216039,NA,2.222222222,0.58393,0.424706092,26.27770961,0.495973333,NA,2.496500963
477,INM,Other IM,Passive,Glioma,Xenograft Heterotopic,Spherical,1,NA,2.222222222,0.304286356,0.404183333,30.07776336,0.55642989,NA,2.433327457
478,ONM,Other OM,Active,Lung,Xenograft Heterotopic,Plate,2,-45.3,20,0.078238602,0.024069613,2.051952216,0.03357253,0.104394598,0.177895152
479,INM,Silica,Active,Breast,Xenograft Heterotopic,Spherical,0.8633229,NA,NA,0.447303326,NA,6.191753683,NA,NA,NA
480,INM,Silica,Passive,Breast,Xenograft Heterotopic,Spherical,0.8573325,NA,NA,0.180374986,NA,6.78407114,NA,NA,NA
481,INM,Silica,Active,Breast,Xenograft Heterotopic,Spherical,0.8633229,NA,NA,0.150509297,NA,5.439558863,NA,NA,NA
482,INM,Silica,Active,Breast,Xenograft Orthotopic,Spherical,0.80618,NA,NA,3.66138243,NA,4.911227005,NA,NA,NA
483,INM,Silica,Passive,Breast,Xenograft Orthotopic,Spherical,0.80618,NA,NA,0.1086016,NA,7.00801936,NA,NA,NA
484,ONM,Polymeric,Active,Prostate,Xenograft Heterotopic,Spherical,NA,-27.2,5.025380711,0.764536232,0.310565935,11.33469408,0.302207944,0.579115623,0.983071105
485,ONM,Polymeric,Passive,Prostate,Xenograft Heterotopic,Spherical,NA,-13.5,5.024038462,0.405573697,0.407552365,10.25162975,0.3332753,0.693562355,0.704869801
486,INM,Other IM,Active,Cervix,Xenograft Heterotopic,Spherical,1.4578819,48.1,3.206,1.288404229,0.460943321,14.1675323,0.659737232,0.919958384,1.717120557
487,INM,Other IM,Passive,Cervix,Xenograft Heterotopic,Others,2.2820508,-21.24,5,0.463824209,0.09351706,4.500881303,0.268931048,0.203422023,0.367199028
488,INM,Silica,Active,Breast,Xenograft Heterotopic,Spherical,1.8627275,NA,NA,0.064774853,0.031119199,37.26974569,0.618109315,1.196138344,1.234462365
489,INM,Silica,Active,Breast,Xenograft Heterotopic,Spherical,1.8863215,NA,NA,0.088575,0.032209137,31.17224657,0.495995895,0.677490291,1.032578448
490,Hybrid,Hybrid,Passive,Glioma,Xenograft Heterotopic,Spherical,NA,NA,150,1.171585068,NA,20.14256958,0.643593466,0.425147031,NA
491,INM,Other IM,Passive,Cervix,Xenograft Heterotopic,Others,2.3617278,NA,10,0.367423039,0.139429254,24.06532263,0.800403733,0.201110399,0.272657715
492,INM,Silica,Passive,Liver,Xenograft Heterotopic,Spherical,2.1075491,-7.43,20,0.657221203,0.143233037,18.10997381,0.629166126,0.01739955,1.48017945
493,ONM,Hydrogel,Active,Lung,Xenograft Heterotopic,Spherical,2.3961993,0,100,0.539457325,0.274606819,63.2170415,NA,1.724782386,1.964760952
494,ONM,Polymeric,Passive,Breast,Xenograft Heterotopic,Spherical,2.2174839,-35.8,20,2.36114298,0.081189289,6.245822773,0.045054332,0.339401163,1.178357183
495,ONM,Polymeric,Passive,Breast,Xenograft Heterotopic,Spherical,2.209515,-37.2,20,2.69493966,0.072798866,5.86256986,0.050126282,0.334006095,1.077394246
496,ONM,Polymeric,Active,Breast,Xenograft Heterotopic,Spherical,NA,-12.03,4.004112688,1.704821558,0.775058069,23.74212776,0.692220734,1.641761616,1.339794832
497,ONM,Polymeric,Passive,Breast,Xenograft Heterotopic,Spherical,NA,-17.81,4.02,0.806413141,0.845222724,19.7457676,0.7016596,0.996735931,1.574619295
498,ONM,Liposome,Active,Breast,Xenograft Heterotopic,Spherical,NA,-12.5,1.005,4.563369258,0.066797849,7.445306645,1.951452768,0.707825288,1.008846458
499,ONM,Hydrogel,Passive,Liver,Allograft Heterotopic,Spherical,2.2944662,-36,4,0.369950488,0.170638507,19.91219546,0.676582966,1.055612516,3.483248522
500,ONM,Hydrogel,Passive,Liver,Allograft Heterotopic,Spherical,2.4409091,-32,4,0.590925728,0.133522299,15.87226072,0.722175627,0.756693853,2.867155057
501,ONM,Polymeric,Passive,Breast,Xenograft Heterotopic,Spherical,2.0902581,-10.4,10.05,0.306314781,0.066925,4.561182635,0.342291787,0.151086523,1.84044413
502,ONM,Polymeric,Passive,Breast,Xenograft Heterotopic,Spherical,2.1099159,-22.7,10.05,0.219074736,0.069075,4.515605718,0.336146666,0.192569847,1.899535983
503,ONM,Liposome,Passive,Ovary,Xenograft Heterotopic,Spherical,1.7619278,-65.12,20,0.027797855,NA,NA,NA,NA,NA
504,Hybrid,Hybrid,Active,Breast,Xenograft Heterotopic,Spherical,2.0219538,-8.421,NA,0.515045483,0.206322722,17.9431027,0.403511029,0.486639882,2.99281282
505,INM,Other IM,Active,Lung,Xenograft Heterotopic,Spherical,2.0086002,NA,3,13.5739972,2.0395,34.85526002,8.270068327,6.133832706,18.03288837
506,ONM,Polymeric,Active,Liver,Allograft Heterotopic,Spherical,2.1587544,-33.82,7.362549801,0.280379653,0.064106554,6.916107315,0.302264356,0.179822044,0.231358699
507,ONM,Polymeric,Active,Liver,Allograft Heterotopic,Spherical,2.2025973,-37.97,29.57370518,0.326574324,0.006033053,0.268089758,0.040699255,0.025404214,0.052463053
508,ONM,Other OM,Active,Lung,Xenograft Heterotopic,Spherical,2.2301934,-17.3,10.01458151,4.187611031,0.690613703,90.07988954,2.752916786,6.167369466,13.19543446
509,INM,Other IM,Passive,Breast,Xenograft Heterotopic,Spherical,1.9903389,0.137,4.02,4.976404489,0.576582907,87.55440176,2.058650553,2.409159876,2.20216118
510,INM,Other IM,Passive,Others,Allograft Orthotopic,Plate,1.3424227,-10.6,10,0.839419795,0.126587218,5.82506866,0.515156524,0.388447242,0.913829617
511,ONM,Polymeric,Passive,Breast,Xenograft Orthotopic,Spherical,2.2718416,7.9,10.01109878,3.829121763,0.757235146,8.491434309,0.339565296,1.139732225,0.514814808
512,INM,Other IM,Passive,Liver,Allograft Heterotopic,Others,1.6127839,NA,4.739726027,0.353367017,0.066473678,5.383063041,0.108540392,0.356143545,1.139101481
513,INM,Other IM,Passive,Breast,Xenograft Heterotopic,Spherical,2.1139434,9.5,10,1.690449936,0.377333651,38.22774357,0.492551441,0.902520477,1.802494738
514,INM,Gold,Active,Pancreas,Xenograft Heterotopic,Spherical,1.5423274,-21.3,4,0.457392284,NA,13.3696872,0.905884,0.427473368,1.683493984
515,INM,Gold,Active,Pancreas,Xenograft Heterotopic,Spherical,1.5423274,-21.3,4,2.861981308,NA,14.36925171,1.001,0.319167985,1.965372826
516,INM,Gold,Active,Pancreas,Xenograft Orthotopic,Spherical,1.5423274,-21.3,4,0.34408443,NA,15.83949911,0.954880165,NA,NA
517,ONM,Other OM,Passive,Ovary,Xenograft Heterotopic,Others,2.0729847,-26.71,10.01253133,0.004865047,0.003565536,0.061218581,0.003768415,0.006693908,0.019237633
518,ONM,Other OM,Active,Ovary,Xenograft Heterotopic,Others,2.107888,-21.42,10.01196172,0.020384068,0.003322452,0.056521173,0.003285823,0.006778875,0.017604232
519,INM,Gold,Active,Breast,Xenograft Heterotopic,Spherical,1.307496,-17.6,0.12,1.920999564,0.689997736,16.99689773,1.122668771,1.242769128,3.080655162
520,ONM,Other OM,Active,Liver,Allograft Heterotopic,Spherical,1.9395193,NA,4.004232804,2.195316615,0.270138176,12.44644226,0.359938172,0.383228775,0.854124017
521,ONM,Liposome,Passive,Colon,Xenograft Heterotopic,Spherical,2.0211893,-37.864,30.03092784,0.163529784,0.027716673,0.967173958,0.115333798,0.024442941,0.096105347
522,ONM,Polymeric,Active,Liver,Allograft Heterotopic,Spherical,NA,-23.9,8.010062893,0.063748387,0.041125912,1.340507735,0.084446994,0.08385295,0.324406382
523,ONM,Polymeric,Active,Liver,Allograft Heterotopic,Spherical,NA,-14.1,8.010152284,0.078357547,0.03340296,1.499651901,0.09381526,0.160258695,0.271862641
524,ONM,Dendrimer,Active,Liver,Allograft Heterotopic,Spherical,1.90768,-9.03,7.234732272,4.571579046,0.059989731,9.96908255,0.198176975,0.732067239,0.927141298
525,ONM,Polymeric,Passive,Ovary,Xenograft Heterotopic,Spherical,1.1139434,-0.7,40.2,0.541007504,0.048426877,4.846594602,0.270832245,0.154571417,0.338753868
526,ONM,Polymeric,Passive,Ovary,Xenograft Heterotopic,Spherical,1.3443923,-0.8,40.2,0.380943351,0.050701283,4.328444206,0.05029608,0.139522933,0.316500835
527,ONM,Polymeric,Passive,Ovary,Xenograft Heterotopic,Spherical,1.6866363,-0.11,40.2,0.395122841,0.062811149,5.047201994,0.067649321,0.25831753,0.437878877
528,INM,Other IM,Active,Breast,Xenograft Orthotopic,Spherical,1.8435069,-12.9,3.375,1.677859324,0.478666817,24.29965647,0.475884498,2.015428992,2.520032504
529,ONM,Other OM,Active,Breast,Xenograft Heterotopic,Spherical,2.2035768,-10.98,3.504599212,4.086698447,0.049639201,9.393976751,0.659362336,0.313582277,1.011428149
530,ONM,Other OM,Active,Breast,Xenograft Heterotopic,Spherical,2.2089785,-10.76,3.504599212,11.03037495,0.058573347,7.720252369,0.564670432,0.268549586,0.8160897
531,Hybrid,Hybrid,Active,Skin,Allograft Heterotopic,Spherical,2,-13.902,0.303488,9.554276732,NA,NA,NA,NA,NA
532,ONM,Polymeric,Passive,Colon,Allograft Orthotopic,Spherical,1.30103,-0.3,9.009513742,0.283977706,NA,NA,NA,NA,NA
533,ONM,Other OM,Passive,Lung,Xenograft Heterotopic,Spherical,2.2281436,-17.2,10.01458151,1.871539187,1.008920128,77.09621403,2.669771835,3.105388606,14.36923715
534,ONM,Polymeric,Active,Sarcoma,Allograft Heterotopic,Spherical,2.3617278,NA,4.375,0.001148571,NA,0.040337714,0.272573766,0.00508958,0.004423619
